name,score,document_length,url_count,accessories,acp,board test,consulting,dc power,dram,flash,foundry,infinity,logic,market,mmw,parametric,power system,radar,reliability test,repair,rf,signal integrity,software,specialty,test,vacuum system
Cube System Inc,0.4631011491181019,3835,11,2,0,0,7,0,0,0,0,0,0,13,0,0,0,0,0,3,16,0,16,0,17,11
PC Systems S.A.,0.2316932302956929,3366,8,0,0,0,6,0,0,2,0,0,0,11,0,0,2,6,0,7,17,0,15,0,15,0
Mentor Graphics Corp,0.2183035677362724,7162,9,2,0,0,7,0,0,0,1,0,8,10,0,2,0,0,0,0,30,6,91,0,35,0
Oricom Inc,0.2180568954164903,7598,15,30,0,0,1,0,0,8,0,0,0,5,0,0,0,2,0,11,4,0,0,0,12,0
Signal Entertainment Group Corp,0.21605846193190795,15141,13,0,0,0,5,0,40,2,0,0,5,52,5,0,0,0,0,0,24,0,8,0,14,0
Power Engineering Consulting JSC 2,0.18337857768172422,4526,9,0,0,0,83,0,1,0,0,0,1,21,0,0,9,0,0,2,5,0,6,0,6,0
Macdonald Dettwiler & Associates Ltd,0.15825912958414584,4575,12,0,0,0,0,0,0,0,0,0,2,21,0,0,1,15,0,0,15,0,5,0,2,0
Creston plc,0.15819681439238842,2849,6,10,0,0,0,0,0,0,0,0,0,28,0,0,0,0,0,0,28,0,4,0,4,0
Wartsila Oyj Abp,0.15692288223857304,15432,10,0,0,0,0,0,0,8,0,0,0,78,0,0,10,7,0,1,37,0,0,0,3,7
PRO DV AG,0.1539142473711064,11651,11,0,4,0,13,2,1,8,0,1,0,25,0,0,0,0,0,6,30,0,13,0,3,0
United Electronics Co Ltd,0.13874749546511744,3152,8,0,0,0,4,0,0,5,0,0,0,19,0,0,0,0,0,14,18,0,12,0,2,0
Macrologic SA,0.1348350652252502,2966,9,0,0,0,5,0,0,1,0,0,67,33,0,0,0,0,0,0,5,0,8,0,9,0
Fujitsu Ltd,0.13396968402167903,19075,20,5,0,0,60,0,0,19,21,4,0,29,0,0,0,0,0,0,72,0,156,0,27,0
Dovre Group Oyj,0.13084900398661706,17714,9,0,1,0,124,0,2,4,2,0,30,146,0,1,2,2,0,2,142,0,127,2,169,0
Image Information Inc.,0.1307152938866733,5182,10,0,0,0,10,2,0,11,0,0,3,24,0,1,0,0,0,0,45,0,26,0,12,0
International Business Machines Corp.,0.12524382938192866,16810,13,0,0,0,28,0,4,11,5,0,3,56,0,0,6,2,0,1,42,0,106,1,20,0
plenum AG,0.12412933928498276,6175,12,6,0,0,17,0,0,4,0,0,0,16,0,0,0,0,0,1,37,0,8,3,4,0
IT Holdings Corporation,0.11622144308064254,7865,10,0,0,0,2,0,2,0,0,0,2,42,0,0,0,0,0,17,14,0,4,17,3,0
IT Competence Group NV,0.11335138520672247,4850,9,0,0,0,14,0,0,1,0,0,2,25,0,0,5,0,0,2,27,0,7,0,11,0
Anite Ltd,0.11000149362211614,3302,6,0,0,0,1,2,0,0,0,0,2,19,0,1,0,1,0,2,20,0,47,0,121,0
AF AB,0.10376075209058193,940,6,1,0,0,3,0,0,0,0,0,0,5,0,0,1,0,0,0,0,0,3,0,4,0
Mercuries Data Systems Ltd,0.10169494964068358,3871,9,0,0,0,0,0,8,1,0,0,0,38,0,0,0,0,0,3,6,0,11,0,5,0
Prochem SA,0.0978911845326852,1545,9,0,0,0,0,0,0,0,0,0,3,17,0,0,0,0,0,1,2,0,0,8,6,0
Beijing Cpc Science and Technolgy Co Ltd,0.0977245591338755,1212,3,0,0,0,0,0,0,0,5,0,0,0,0,0,0,0,0,3,4,0,0,0,2,0
Otsuka Information Technology Corp.,0.09742327058814365,2475,8,0,0,0,3,0,8,0,0,0,0,13,0,0,0,0,0,0,6,0,22,0,4,0
Tritech Group Limited,0.09696639412452855,8438,11,0,3,0,0,0,0,0,4,0,8,11,0,0,0,0,0,3,12,0,6,2,61,0
Comp SA,0.09688657045572996,4194,9,3,0,0,0,0,0,0,0,0,2,12,0,0,0,0,0,6,8,0,5,0,3,0
Smart Information Technology Golbal,0.09421150028236473,13546,9,0,0,0,2,0,10,4,0,2,2,55,0,0,0,2,0,15,97,0,53,0,20,0
CMC Corp,0.09252144836017176,1471,11,0,0,0,0,0,1,0,0,0,1,16,0,0,0,0,0,4,8,0,9,0,3,0
Zuken Inc,0.09240065446538445,6162,11,0,0,0,7,0,1,0,0,0,7,24,0,0,0,2,0,1,22,2,72,0,19,0
Prevas AB,0.09233172517755234,5718,9,0,0,0,14,0,0,0,4,0,2,20,0,0,0,0,1,0,23,1,16,0,57,0
Echelon Corporation,0.08547440844629478,3098,9,4,0,0,3,0,0,1,0,0,0,19,0,0,0,0,0,0,12,0,26,0,14,0
NTT Data Corp,0.08411927195456786,5088,10,0,0,0,13,0,0,0,2,0,3,4,0,0,0,5,0,0,7,0,17,0,9,0
"NARI Technology Development Co., Ltd.",0.08226420591372645,3246,9,0,0,0,9,0,0,1,0,0,0,30,0,0,4,0,0,0,15,0,5,0,6,0
"NeoMedia Technologies, Inc.",0.0815446941424181,4421,7,0,0,0,0,0,1,2,0,0,4,45,0,0,0,0,0,12,8,0,12,0,4,0
Bimobject AB,0.08138049822277144,7076,14,0,0,0,3,0,0,0,0,0,0,71,0,5,0,0,0,0,19,0,12,0,5,0
One-2-One SA,0.07850776844146222,5765,7,3,0,0,1,0,1,2,0,0,1,22,0,0,0,2,0,2,8,0,4,0,5,0
Spriza Inc,0.07808041815986042,4332,10,1,0,0,1,0,0,0,0,0,50,94,0,0,0,0,0,0,6,0,28,0,43,0
Teledyne Technologies Incorporated,0.0738183581870884,5396,7,0,0,0,0,0,0,0,1,0,2,37,0,0,0,3,0,3,18,0,7,5,10,0
VSE Corporation,0.07337086181970434,4030,10,0,0,0,20,0,0,0,0,0,0,18,0,0,0,0,0,9,9,0,3,1,6,0
General Industries PLC,0.07010864471236987,2144,6,0,0,0,0,0,0,2,1,1,1,21,0,0,0,0,0,0,9,0,1,1,2,0
Serma Technologies SA,0.06422317963555417,4786,13,0,0,0,17,0,0,0,0,0,8,18,0,0,0,0,0,4,41,0,4,4,16,0
United Integrated Services Co Ltd,0.06258254753080549,2865,8,0,0,0,3,0,8,0,0,0,0,9,0,0,0,0,0,0,6,0,5,0,2,0
Nexus AG,0.06123938508427841,1861,11,0,0,0,0,0,0,0,0,0,1,14,0,0,0,0,0,0,1,0,11,9,2,0
MSI Medical SA,0.05904757928856425,3671,8,0,0,0,0,0,0,0,0,0,4,10,0,0,0,0,0,0,13,0,3,10,15,0
Frontken Corporation Berhad,0.05737488461915181,5561,9,0,0,0,0,0,0,0,0,0,2,48,1,0,0,0,0,8,48,0,0,0,8,0
AGS Corp,0.05580653551504561,2880,12,2,0,0,4,0,0,0,0,0,1,17,0,0,0,0,0,2,6,0,2,1,5,0
Clipper Logistics PLC,0.055606070514571004,3786,13,0,0,0,0,0,0,2,0,0,1,20,0,0,0,0,0,11,12,0,0,0,6,0
"SofTech, Inc.",0.05421498870184159,5075,8,0,0,0,2,0,0,1,0,0,0,35,0,0,0,0,0,2,15,0,23,0,8,2
Gemini Corporation,0.05380124034648159,3100,10,0,0,0,0,0,0,0,0,0,0,10,0,0,0,0,0,8,10,0,1,0,7,0
Comture Corp,0.05245847325451283,4691,14,0,0,0,6,0,0,2,3,0,1,5,0,0,0,0,0,2,23,0,39,0,5,0
DKSH Holdings Malaysia Bhd,0.049183855887895145,8693,14,1,0,0,0,0,0,0,0,0,1,158,0,0,0,0,0,6,40,0,1,7,8,0
Bechtle AG,0.048906764955663026,3709,11,0,0,0,7,0,0,0,0,0,1,14,0,0,0,0,0,5,13,0,24,0,6,0
"Exponent, Inc.",0.04795070064426881,5709,14,0,0,0,30,0,0,6,0,0,14,35,0,0,0,0,0,2,16,0,2,1,5,0
BD Multimedia SA,0.047600177993734276,3841,9,0,2,0,4,0,0,0,0,0,0,37,0,0,0,0,0,0,17,0,9,0,13,0
Valtech SA,0.047273087222024494,5497,12,0,0,0,5,0,0,1,0,0,1,55,0,0,0,0,0,0,14,0,1,9,21,0
CENIT AG,0.0463878170800492,4747,12,0,0,0,33,0,0,0,0,0,5,9,0,1,0,0,0,0,31,0,73,0,7,0
Song Da Consulting JSC,0.045059974770251775,4658,9,0,1,0,33,0,0,0,0,0,6,24,0,0,0,0,0,1,9,0,8,0,7,0
Pinnacle Technology Group PLC,0.04466264225289733,2924,10,0,0,0,2,0,0,0,0,0,0,11,0,0,0,0,0,0,11,0,4,7,20,0
Mistras Group Inc,0.04375157178376443,4161,10,4,0,0,1,0,0,0,0,0,0,10,0,0,0,0,0,1,5,0,36,0,28,0
TSS Inc,0.04320535977678047,3781,12,0,0,0,0,0,0,0,0,0,1,4,0,0,0,1,0,5,6,0,2,0,13,0
Cartesian Inc,0.04187272090853397,3376,12,0,0,0,0,0,0,3,0,2,5,22,0,0,0,0,0,0,6,0,0,0,6,0
WS Atkins PLC,0.04170239361287839,5113,9,0,0,0,6,0,0,0,0,0,29,24,0,0,0,0,0,1,6,0,7,0,8,0
K WAY INFORMATION CORPORATION,0.04142817180409598,4073,8,0,0,0,0,0,8,0,0,0,0,49,0,0,0,0,0,0,4,0,35,0,2,0
Oakton Limited,0.04071532695435615,6226,10,3,0,0,2,0,0,1,0,0,1,38,0,0,0,0,0,0,6,0,12,2,56,0
Leidos Holdings Inc,0.03961518144614222,12110,10,0,0,1,7,0,0,8,2,0,2,67,0,0,0,0,0,0,77,0,23,1,10,0
Nippon Office Systems Limited,0.038372123161816096,2233,7,0,0,0,4,0,0,1,0,0,0,11,0,0,0,0,0,4,3,0,11,0,2,0
Beng Kuang Marine Limited,0.036980452884615794,2825,9,0,0,0,0,0,0,0,0,0,2,30,0,0,0,0,0,7,4,0,0,0,9,0
SOFTBANK TECHNOLOGY CORP.,0.0360261749229268,5998,7,0,0,0,9,0,3,0,2,0,0,45,0,0,0,0,0,0,9,0,12,0,8,0
Nnit A/S,0.035183393198835226,5696,10,0,0,0,4,0,2,0,0,0,0,15,0,0,0,0,0,0,4,0,19,6,7,0
Unisys Corporation,0.03487102922688157,10334,12,0,0,0,24,0,0,0,2,0,1,34,0,0,0,4,0,0,9,0,59,0,25,0
"Beijing Teamsun Technology Co., Ltd.",0.034556378263452495,3565,11,0,1,0,16,0,0,1,0,0,1,43,0,0,0,0,0,0,16,0,21,0,3,0
DGC One AB,0.034023894796781855,5768,12,0,0,0,2,0,0,1,0,0,1,52,1,0,0,1,0,0,14,0,5,0,10,0
DKSH Holding AG,0.033998035033101615,4845,10,0,0,0,0,0,0,0,0,0,0,109,0,0,0,0,0,2,21,0,0,10,5,0
S Net Systems Inc.,0.03359885696566856,3344,7,0,0,0,7,0,0,0,0,0,0,30,0,0,0,0,0,4,4,0,8,0,2,0
Showa System Engineering Corp,0.03207444537622122,2977,15,1,0,0,5,0,0,1,0,0,1,10,0,0,0,0,0,1,5,0,19,0,8,0
Yehey! Corp,0.03202852408202062,3333,8,0,0,0,0,0,0,1,0,0,1,14,0,0,0,0,0,4,8,0,3,0,2,0
Adways Inc,0.031992707520547344,2444,8,0,0,0,0,0,0,0,0,1,1,40,0,0,0,0,0,0,11,0,5,2,2,0
AG dd,0.03182878668284976,5730,6,0,0,0,3,0,0,0,0,0,6,13,0,0,0,0,0,2,26,0,17,1,10,0
Scangroup Limited,0.031067750645481722,3929,11,0,0,0,2,0,0,0,0,0,0,64,0,0,0,0,0,0,13,0,0,9,9,0
CCR Logistics Systems AG,0.031063469296648164,3404,9,0,0,0,7,0,0,2,0,0,2,26,0,0,0,0,0,3,13,0,28,0,6,0
Atos SE,0.030865901004447735,8122,12,1,0,0,60,0,0,0,2,0,2,20,0,0,0,0,0,0,43,0,22,0,17,0
Estore Corp,0.030050012051752128,2817,10,2,0,0,0,0,0,1,0,0,0,27,0,0,0,0,0,2,2,0,3,0,1,0
Beijing V-simtone Technology JSC Ltd,0.029987976107231928,349247,6,1,6,0,39,1,44,32,3,4,211,301,1,0,2,2,0,4,521,0,263,4,473,0
Huron Consulting Group,0.029896482037887914,9091,14,0,0,0,322,0,0,0,0,0,0,14,0,0,0,0,0,0,19,0,21,0,12,0
TECHMATRIX CORPORATION,0.029883414706779885,5880,9,0,0,0,8,0,0,0,0,0,6,41,0,0,0,0,0,3,23,0,30,0,42,0
Ecosciences Inc,0.029228325198073217,4939,10,0,0,0,1,0,0,1,0,0,22,66,0,0,0,0,0,1,4,0,0,0,5,0
Icraft Co Ltd,0.029199492962058725,2472,12,0,0,0,9,0,0,0,0,1,0,19,0,0,0,0,0,0,14,0,3,0,4,0
Tihama Advert. Public Relat. & Markting,0.029076342029061453,4702,7,0,0,0,1,0,0,0,0,0,0,49,0,0,0,0,0,7,11,0,2,0,1,0
Himacs Ltd,0.028705139297430238,1876,9,0,0,0,3,0,0,0,0,0,0,10,0,0,0,0,0,2,40,0,2,1,8,0
Progressive Green Solutions Inc,0.028594191192185002,2875,9,0,0,0,0,0,0,1,0,0,0,27,0,0,0,0,0,5,4,0,0,0,3,0
Weborama SA,0.028269143583231748,5637,13,0,0,0,1,0,0,6,0,0,4,46,0,0,0,2,0,0,9,0,3,0,7,0
Nexeya SA,0.02772014095158661,5112,12,0,0,0,1,0,0,0,0,0,8,33,0,0,0,1,0,1,4,0,5,0,62,0
Booz Allen Hamilton Holding Corporation,0.025903411519046435,20692,19,0,0,0,150,0,1,0,2,0,0,80,0,0,0,0,0,1,42,0,29,3,17,0
United Inc,0.025673582497655403,4801,14,1,0,0,1,0,0,0,0,0,0,9,0,0,0,0,0,0,6,0,1,3,5,0
Consort NT SA,0.02566875231172437,5818,11,0,0,0,13,0,0,1,0,0,4,88,1,0,0,0,0,0,16,0,4,0,4,0
Computer Sciences Corporation,0.025414266353744292,5551,10,0,0,0,45,0,0,0,2,0,0,23,0,0,0,0,0,0,11,0,32,0,6,0
Altran Technologies SA,0.025370773567553642,7725,13,0,0,0,36,0,2,2,0,0,6,35,0,0,0,0,0,0,18,0,36,1,23,0
Management Consulting Group PLC,0.02534025340767911,3074,6,0,0,0,90,0,1,0,0,0,0,30,0,0,0,0,0,0,17,0,1,0,2,0
Vision IT Group SA,0.02516713798236981,2867,7,0,0,0,1,0,0,0,0,0,2,23,0,0,0,2,0,0,21,0,2,0,24,0
Penna Consulting plc,0.025036452049697823,4915,9,0,0,0,105,0,0,1,0,0,0,49,0,0,0,0,0,0,11,0,0,1,6,0
Beijing Boer Communication Tech Co Ltd,0.02470348877963587,4877,9,0,0,0,1,1,0,0,0,0,2,12,0,0,2,0,0,0,1,0,3,0,5,0
Datatec Ltd.,0.024459370920907345,5124,12,0,0,0,17,0,0,0,0,0,47,39,0,0,0,0,0,0,2,0,0,0,2,0
Digital China Information Service Co Ltd,0.023852035204125953,3978,9,0,0,0,11,0,0,1,0,1,0,49,0,0,0,0,0,0,13,0,20,0,9,0
NV5 Global Inc,0.023720153604363556,5884,10,0,0,0,37,0,0,0,0,0,1,52,0,0,0,2,0,0,17,0,0,1,20,0
Trenders Inc,0.023635473668583738,8423,12,1,0,0,4,0,0,1,0,1,0,35,0,0,0,0,0,0,19,0,8,0,16,0
Alten SA,0.023566818101750046,8155,18,0,0,0,44,0,0,0,0,0,25,39,0,0,0,0,0,2,33,0,6,0,9,0
Infrastructure Developments Corp,0.022975477723131042,2802,7,0,0,0,0,0,0,1,0,0,0,27,0,0,1,0,0,1,10,0,0,0,5,0
MFEC Public Company Limited,0.02269782518371853,4461,9,0,0,0,8,0,0,0,0,0,5,27,0,0,1,0,0,0,9,0,14,0,5,0
Creative Realities Inc,0.022619122214720375,8118,9,0,0,0,4,0,2,1,0,0,1,60,0,0,0,0,0,1,24,0,15,1,12,0
CH2M HILL Companies Ltd,0.022215438580400943,10541,13,0,0,0,24,0,0,0,0,0,1,39,0,0,0,0,0,4,17,0,7,1,13,0
Datalink Corporation,0.02155434316380357,4479,12,0,0,0,7,0,0,15,0,0,0,20,0,0,0,0,0,0,12,0,3,0,11,0
CCID Consulting Company Limited,0.021341347779743662,1740,7,0,0,0,53,0,0,1,0,0,0,35,0,0,0,0,0,0,11,0,0,0,1,0
Freelance.com SA,0.020980695293764496,7815,10,0,0,0,2,0,0,5,0,0,2,81,0,0,0,0,0,3,11,0,30,0,25,0
"AUN CONSULTING, Inc.",0.020923243090041975,5431,13,0,0,0,100,0,0,0,0,0,0,109,0,0,1,0,0,0,5,0,1,0,2,0
Science Applications International Corp,0.020775359292844894,12913,13,0,0,0,3,0,0,1,0,0,6,13,0,0,0,2,0,1,39,0,15,0,28,0
"JAPAN THIRD PARTY CO., LTD.",0.020754253896583273,2387,8,0,0,0,2,0,0,0,0,0,2,19,0,0,0,0,0,3,1,0,20,0,10,0
Nordkom AB,0.020746873360266926,2825,7,0,0,0,1,0,0,0,0,0,0,8,0,0,0,0,0,1,17,0,25,1,7,0
Ausy,0.020570265488785527,4221,10,0,0,0,1,0,1,0,0,0,4,10,0,0,0,0,0,0,9,0,6,1,37,0
Avanceon Ltd,0.02018759556013115,3991,9,0,0,0,2,0,0,0,0,0,0,13,0,0,0,0,0,0,15,0,5,4,8,0
Piped Bits Co Ltd,0.01991612101123523,7306,14,1,0,0,0,0,0,0,2,0,0,37,0,0,0,0,0,0,17,0,6,0,10,0
CWORKS Systems Berhad,0.01987400747967061,4115,10,0,0,0,3,0,0,0,0,0,1,31,0,0,0,0,0,3,2,0,33,0,18,0
Seremban Engineering Bhd,0.018965457822847902,3456,8,0,0,0,0,0,0,0,0,0,0,27,0,0,0,0,0,3,7,0,0,0,12,0
Sopra Steria Group,0.018836548890724718,5273,9,0,0,0,59,0,0,0,0,0,2,40,0,0,0,0,0,1,17,0,80,0,16,0
Beyondsoft Corp,0.018803396785906784,3939,12,0,0,0,24,0,0,1,0,0,0,21,0,0,0,0,0,1,14,0,14,0,24,0
Medical Columbus AG,0.018743686089112664,2775,9,0,0,0,0,0,0,0,0,0,2,39,0,0,0,0,0,0,2,0,3,3,7,0
Microdata SARL,0.018698472875111328,4846,8,0,0,0,3,0,0,0,0,0,2,21,0,0,1,0,0,0,8,0,13,0,3,0
Baozun Inc (ADR),0.018620762049235736,4711,10,0,0,0,1,0,0,1,0,0,2,62,0,0,0,2,0,0,20,0,0,0,4,0
Train Travel Holdings Inc,0.018513685290521442,5755,10,0,0,0,12,0,0,0,0,0,0,67,0,0,0,0,0,4,1,0,1,0,4,0
Omnicom Group Inc.,0.01848625474001378,11642,12,0,0,0,2,0,0,0,0,0,0,137,0,0,0,0,0,0,52,0,5,10,5,0
KPS AG,0.018421861507376572,5804,9,0,0,0,51,0,0,0,0,1,0,48,0,0,0,0,0,0,8,0,5,0,5,0
Tianjin Keyvia Electric Co Ltd,0.018406578454187035,2947,7,0,0,0,2,0,0,1,0,0,0,44,0,0,1,0,0,0,9,0,1,0,6,0
Power of the Dream Ventures Inc,0.01817015012304107,3436,7,0,0,0,0,0,0,1,0,0,5,50,0,0,0,0,0,0,21,0,4,1,8,0
ICF International Inc,0.018131763889231187,4213,12,0,0,0,35,0,0,0,1,0,0,36,0,0,0,0,0,0,18,0,3,0,1,0
Groupon Inc,0.0180568917252382,10416,9,0,0,0,3,0,0,12,2,0,0,57,0,0,0,0,0,0,10,0,18,0,9,0
BEKO HOLDING AG,0.017970077041969335,3168,9,0,1,0,0,0,0,0,0,0,0,29,0,0,0,0,0,0,10,0,5,0,2,0
Engility Holdings Inc,0.017732942994459475,5952,13,0,0,0,14,0,0,0,0,0,3,30,0,0,0,1,0,0,40,0,14,0,12,0
Eco-Shift Power Corp,0.017664459034897384,3179,9,0,0,0,2,0,0,0,0,0,1,53,0,0,0,0,0,0,4,0,2,4,2,0
Brooker Group PCL,0.017283634844700503,4489,10,0,0,0,18,0,0,0,0,0,0,41,0,0,0,1,0,1,13,0,1,0,3,0
Beijing Zhonghaijiyuan Dgtl Tech Dvp Co,0.01724966250000352,425,2,0,0,0,1,0,0,0,0,0,0,0,0,0,0,0,0,1,0,0,3,0,2,0
Borneo Industrial Fishery Corp Inc,0.0170647726281496,13241,11,0,0,0,6,0,2,3,0,0,8,55,0,0,0,0,0,0,36,0,7,0,3,0
Eurocon Consulting AB,0.017056081444876827,2907,9,0,0,0,50,0,0,0,0,0,0,16,0,0,0,0,0,0,9,0,9,0,3,0
Edgewater Technology Inc.,0.016991159130880954,4031,11,0,0,0,43,0,0,0,0,0,1,17,0,0,0,0,0,0,34,0,8,1,1,0
Summit Alliance Port Ltd,0.016924748820248428,3985,7,0,0,0,0,0,0,0,1,0,0,54,0,0,0,0,0,1,5,0,0,0,13,0
"Willdan Group, Inc.",0.016823043035164954,4616,6,0,0,0,22,0,0,0,0,0,0,15,0,0,1,0,0,0,18,0,6,0,1,0
Abakan Inc,0.016547435252718897,4414,7,0,0,0,1,0,1,0,0,0,0,52,0,0,0,0,0,1,7,0,0,2,7,0
Clearstar Inc,0.01624840438269577,2550,11,0,0,0,2,0,2,0,0,0,1,12,0,0,0,0,0,0,5,0,5,0,18,0
Groupe Open S.A.,0.016185194357047274,2974,8,0,0,0,19,0,0,1,0,0,0,28,0,0,0,0,0,1,12,0,1,0,6,0
ICT Automatisering NV,0.016066214596966014,8147,11,0,0,0,0,0,0,0,0,0,21,48,0,0,0,0,0,0,12,0,44,1,19,0
Advance Information Marketing Berhad,0.015934817339730564,3445,8,0,1,0,0,0,0,0,0,0,0,123,0,0,0,0,0,0,4,0,5,0,4,0
"TANABE MANAGEMENT CONSULTING CO., LTD.",0.015923792725382847,2584,7,0,0,0,75,0,0,0,0,0,0,33,0,0,0,0,0,0,10,0,0,0,1,0
Bamboo Capital JSC,0.015783634924213828,4956,12,0,0,0,13,0,2,0,0,0,0,35,0,0,0,0,0,1,4,0,2,0,10,0
Petrovietnam Power Engineering Con JSC,0.015658275360155762,5740,10,0,0,0,19,0,0,0,0,0,2,27,0,0,0,0,0,4,2,0,0,0,5,0
Lycos Internet Ltd,0.01563417878083428,6104,12,0,0,0,0,0,3,1,0,0,0,60,0,0,0,0,0,0,14,0,12,0,15,0
Experience Art and Design Inc,0.015629447992792853,3677,10,0,0,0,0,0,0,1,1,0,1,39,0,0,0,0,0,0,11,0,0,1,2,0
A.L.D. Advanced Logistics Developments,0.015343308053154538,5101,13,0,0,0,10,0,0,1,0,0,1,11,0,0,0,0,0,0,14,0,172,0,38,0
United Group For Publishing Adv Mktng,0.015334167571813166,5613,8,0,0,0,1,0,0,2,0,0,0,38,0,0,0,0,0,1,11,0,15,2,6,0
Bureau Veritas SA,0.015202301091891142,10203,13,0,0,0,25,0,0,0,0,0,0,55,0,0,0,0,1,0,31,0,0,0,94,0
Merge Healthcare Inc.,0.015054001809548296,8267,11,0,0,0,17,0,1,0,0,0,4,22,0,0,0,0,0,0,22,0,24,3,29,0
"Quality Systems, Inc.",0.014917969344109834,7841,13,0,0,0,18,0,0,0,0,0,1,33,0,0,0,0,0,1,21,0,44,2,23,0
"B Green Innovations, Inc.",0.014872337355802892,6218,8,1,0,0,0,0,1,0,0,0,0,55,0,0,0,0,0,1,13,0,2,0,13,0
Sino Payments Inc,0.014761519197193087,9167,10,0,0,0,5,0,0,3,0,0,0,114,0,0,0,0,0,2,14,0,35,2,5,0
Business & Decision SA,0.014717913389131263,6175,17,0,0,0,53,0,0,1,0,0,3,46,0,0,0,0,0,0,17,0,6,0,9,0
Yamada Consulting Group Co Ltd,0.014705510254572549,3637,9,0,0,0,70,0,0,0,0,0,0,46,0,0,0,0,0,0,9,0,0,0,3,0
"LD Holdings, Inc.",0.014610626381017844,5413,8,0,0,0,6,0,0,0,0,0,0,51,0,0,0,0,0,0,10,0,39,3,2,0
Abric Berhad,0.014573920157004379,6680,9,0,0,0,0,0,0,0,0,0,0,20,1,0,0,0,0,0,23,0,2,1,6,0
Actua Corp,0.01430393379727124,8117,12,0,0,0,4,0,1,1,0,0,8,78,0,0,0,0,0,0,8,0,15,0,11,0
PROCAD SA,0.014270541446281617,2188,9,0,0,0,2,0,0,0,0,0,1,22,0,0,0,0,0,1,2,0,23,0,7,0
Kalanit Carmon Services Ltd.,0.014131256027051283,3298,9,0,0,0,4,0,0,1,0,0,0,47,0,0,0,0,0,0,12,0,42,1,6,0
Funai Soken Holdings Inc,0.014127089708104716,3963,10,0,0,0,39,0,1,0,0,0,0,64,0,0,0,0,0,0,15,0,0,0,5,0
Mediaflag Inc,0.013883201214627468,5442,13,1,0,0,0,0,0,1,0,0,2,37,0,0,0,0,0,0,3,0,4,0,3,0
Sinodata Co Ltd,0.01382599771889154,2178,7,0,0,0,5,0,0,1,0,0,0,20,0,0,0,0,0,1,6,0,9,0,1,0
Multiconsult ASA,0.013709666725574717,2862,10,0,0,0,15,0,1,0,0,0,0,27,0,0,0,0,0,0,1,0,1,0,9,0
Verint Systems Inc.,0.013518374024213627,10130,12,0,0,0,3,0,0,0,0,0,1,28,0,0,2,0,0,0,70,0,56,0,8,0
Ramco Systems Ltd,0.013317069425139187,6605,12,0,0,0,3,0,0,0,0,0,3,44,0,0,0,0,0,2,16,0,49,0,10,0
K2 Internet SA,0.01325557628384901,5461,10,0,0,0,5,0,0,1,0,0,3,80,0,0,0,0,0,1,8,0,3,0,7,0
Soellingen Advisory Group Inc,0.013238938074772775,2929,6,0,0,0,20,0,0,1,0,0,0,50,0,0,0,0,0,0,4,0,0,1,4,0
Wison Engineering Services Co Ltd,0.01302813542859862,6295,12,0,0,0,10,0,0,1,1,0,6,11,0,0,0,0,0,0,4,0,4,0,0,0
"Navigant Consulting, Inc.",0.013002559263886387,3092,9,0,0,0,31,0,0,0,0,0,1,82,0,0,0,0,0,0,15,0,0,1,4,0
Diadrom Holding AB,0.012912940912385783,2840,8,0,0,0,6,0,0,0,0,0,0,22,0,0,0,0,0,1,6,0,18,0,6,0
Power Engineering Consulting JSC 3,0.012849722960962548,2444,7,0,0,0,29,0,0,0,0,0,2,15,0,0,0,0,0,1,4,0,0,0,2,0
Samsung SDS Co Ltd,0.012703740173498006,5909,13,0,0,0,17,0,0,0,0,0,4,43,0,0,0,0,0,0,17,0,4,1,9,0
Devoteam SA,0.012501309609727016,4697,12,0,0,0,17,0,1,0,0,0,0,37,0,0,0,0,0,0,16,0,10,0,4,0
Korea Computer & Systems Inc.,0.012404114165059906,4845,11,0,0,0,3,0,0,1,0,0,1,35,0,0,0,0,0,1,14,0,10,0,4,0
CPU Softwarehouse AG,0.012336838568974507,3081,8,0,0,0,14,0,0,0,0,0,0,16,0,0,0,0,0,0,5,0,98,0,3,0
Reditus - SGPS SA,0.012311143856655632,3330,11,0,0,0,7,0,0,2,0,0,3,28,0,0,0,0,0,0,4,0,6,0,7,0
"Document Security Systems, Inc.",0.012307378777397978,6175,12,0,0,0,0,0,1,0,0,0,0,62,0,0,0,0,0,1,71,0,9,3,2,0
Adgorithms Ltd,0.012292085794675056,6268,14,0,1,0,0,0,0,0,0,0,0,120,0,0,0,0,0,0,12,0,11,0,21,0
ComArch SA,0.012255224559622165,5844,10,0,0,0,4,0,0,0,0,0,2,30,0,0,1,0,0,0,22,0,31,0,9,0
Infovide Matrix SA,0.012064886133156611,2295,8,0,0,0,14,0,0,1,0,0,2,14,0,0,0,0,0,0,3,0,6,0,1,0
Earth Science Tech Inc,0.012051167180396402,9601,10,0,0,0,0,0,0,1,0,0,24,77,0,0,0,0,0,0,20,0,0,1,30,0
Octo Technology SA,0.012032491897298384,4598,12,0,0,0,13,0,0,0,0,0,6,20,0,0,0,0,0,0,24,0,11,0,15,0
Amec Foster Wheeler PLC,0.011976910713082557,5988,9,0,0,0,13,0,0,0,0,0,2,57,0,0,0,0,0,2,20,0,1,0,6,0
Realtech AG,0.011939537567432853,1840,6,0,0,0,10,0,0,2,0,0,1,8,0,0,0,0,0,0,16,0,13,0,1,0
Business Brain Showa Ota Inc,0.011877172001990207,4605,9,0,0,0,21,0,0,0,0,0,7,39,0,0,0,0,0,0,6,0,15,0,4,0
Glintt Global Intelligent Technologis SA,0.011852322461532835,4616,12,0,0,0,30,0,1,0,0,0,2,31,0,0,0,0,0,0,12,0,16,0,2,0
EPAM Systems Inc,0.011788076974772325,6863,10,0,0,0,15,0,1,0,0,0,2,19,0,0,0,0,0,0,8,0,77,0,56,0
Ad-Sol Nissin Corp.,0.011631545955508672,3491,8,0,0,0,4,0,1,0,0,0,2,23,0,0,0,0,0,0,8,0,32,0,5,0
Triis Inc,0.01147179201561194,6993,13,0,0,0,0,0,0,0,0,0,10,6,0,0,0,0,0,0,13,0,6,1,27,0
Athena Global Technologies Ltd,0.011398548385065167,7852,13,0,0,0,30,0,2,0,0,0,0,61,0,0,0,0,0,0,18,0,28,0,93,0
Fluor Corporation (NEW),0.01136865381807833,8789,13,0,0,0,5,0,0,0,0,0,2,31,0,0,0,0,0,2,18,0,0,3,3,0
"DHC Software Co., Ltd",0.011262528519342235,1545,6,0,0,0,4,0,0,1,0,0,0,10,0,0,0,0,0,0,0,0,58,0,1,0
Pharma Bio Serv Inc,0.011213522511949528,5981,11,0,0,0,36,0,0,1,0,0,4,30,0,0,0,0,0,0,3,0,0,0,13,0
KANEMATSU ELECTRONICS LTD.,0.01120109803684528,1532,7,0,0,0,6,0,0,0,0,0,0,12,0,0,0,0,0,0,1,0,6,1,4,0
Sigmaxyz Inc,0.011085943944038501,3557,8,0,0,0,13,0,1,0,0,0,0,38,0,0,0,0,0,0,12,0,2,0,4,0
Zalaris ASA,0.010987770310067372,2831,11,0,0,0,38,0,0,0,0,0,2,22,0,0,0,0,0,0,4,0,2,0,7,0
Cni Research Ltd,0.010935397302923092,6935,12,0,0,0,0,0,2,11,0,0,0,93,0,0,0,0,0,0,21,0,0,0,12,0
Jsti Group,0.010864640191263479,8343,9,0,0,0,9,0,0,0,0,0,0,40,0,0,0,0,0,1,23,0,0,3,269,0
adesso AG,0.010785429148085368,3117,8,0,0,0,18,0,0,0,0,0,0,24,0,0,0,0,0,0,5,0,63,0,4,0
Looksmart Group Inc,0.010705152004072427,15264,13,0,0,0,1,0,0,1,0,0,0,154,0,0,0,2,0,1,35,0,13,0,6,0
SII S.A.,0.010656131415831162,2036,7,0,0,0,0,0,0,3,0,0,0,3,0,0,0,0,0,0,13,0,17,0,6,0
Phoenix IT Group Ltd,0.010625165671045966,3967,8,0,0,0,0,0,0,2,1,0,0,27,0,0,0,0,0,0,7,0,1,0,3,0
Jetwell Computer Co Ltd,0.010590399213296915,3480,9,0,0,0,4,0,0,0,0,0,0,44,0,0,0,0,0,2,2,0,7,0,7,0
Itera ASA,0.010578687810242501,3616,8,0,0,0,30,0,0,0,0,0,0,16,0,0,0,0,0,1,1,0,2,0,3,0
Tianjin Tenio Archtr and Eng Co Ltd,0.010472929983186885,6111,13,0,0,0,5,0,2,0,0,0,1,8,0,0,0,0,0,0,8,0,0,0,3,0
Morneau Shepell Inc,0.010382056954073057,4970,8,0,0,0,54,0,0,0,0,0,1,20,0,0,0,0,0,0,5,0,12,0,4,0
TTL Information Technology AG,0.010372774981071625,1591,8,0,0,0,4,0,0,3,0,0,0,17,0,0,0,0,0,0,11,0,0,0,4,0
DGA SA,0.010310534290709774,4978,8,0,0,0,1,0,0,0,0,0,1,10,0,0,0,0,0,0,20,0,11,2,3,0
Scientific Games Corp,0.010296322536004932,3967,8,0,0,0,0,0,1,1,0,0,0,25,0,0,0,0,0,0,6,0,23,1,2,0
GFI Informatique SA,0.010156884985141718,5097,10,0,0,0,19,0,0,0,0,0,5,49,0,0,0,0,0,0,18,0,29,0,3,0
Qualitech PCL,0.009979427402696833,2426,6,0,0,0,0,0,0,0,0,0,0,24,0,0,0,0,0,0,6,0,1,2,25,0
Morgan Sindall Group PLC,0.009897610261895467,4028,7,0,0,0,1,0,0,0,0,0,0,56,0,0,0,0,0,2,6,0,9,0,8,0
artec technologies AG,0.009877966251214823,6679,11,0,0,0,0,0,0,0,0,0,2,13,0,0,0,1,0,0,22,0,32,1,16,0
Zungwon En-Sys Inc,0.009863850859226433,3139,8,0,0,0,4,0,0,0,0,0,0,40,0,0,0,0,0,1,12,0,5,0,4,0
Beijing Vsoon Inf and Tech Co Ltd,0.009810599673539212,5783,9,1,0,0,1,0,0,0,0,0,0,24,0,0,0,0,0,0,19,0,15,0,5,0
HPT Vietnam Corp,0.009795051775332447,2362,10,0,0,0,2,0,0,0,0,0,0,12,0,0,0,0,0,2,7,0,13,0,2,0
GP Strategies Corp,0.009749433006287186,7117,11,0,0,0,22,0,0,0,0,0,0,12,0,0,0,0,0,1,61,0,3,1,4,0
Acando AB,0.009726733776770401,3304,10,0,0,0,22,0,0,0,0,0,2,17,0,0,0,0,0,0,5,0,11,0,10,0
Malam Team Ltd,0.009547044964177267,4478,14,0,0,0,11,0,0,0,0,0,4,20,0,0,0,0,0,0,11,0,49,0,1,0
Mood Media Corp,0.009479640308759953,5714,12,0,0,0,0,0,0,0,0,0,0,32,0,0,0,0,0,0,18,0,1,4,4,0
"Initech Co., Ltd.",0.009462360463224559,2383,12,0,0,0,5,0,0,1,0,0,1,21,0,0,0,0,0,0,6,0,16,0,5,0
Gannett Co Inc,0.00930721379461745,5925,10,0,0,0,0,0,0,0,0,1,2,37,0,0,0,0,0,0,5,0,5,0,2,0
Atende SA,0.009298365211124732,4506,8,0,0,0,7,0,0,0,0,0,4,19,0,0,0,0,0,0,12,0,30,0,10,0
"CTI Engineering Co., Ltd.",0.009278261498318332,4871,10,0,0,0,15,0,0,0,0,0,6,43,0,0,0,0,0,0,18,0,1,0,10,0
Internet Media Services SA,0.00915957354660391,9970,9,0,0,0,0,0,2,0,0,0,1,29,0,0,0,0,0,1,40,0,26,0,8,0
Cybercom Group AB,0.009048922024490811,4700,12,0,0,0,8,0,0,0,0,0,2,12,0,0,0,0,0,0,6,0,8,1,18,0
Tongyang Networks Corp,0.009022130902356842,4168,8,0,0,0,8,0,0,1,0,0,0,25,0,0,0,0,0,1,5,0,4,0,4,0
Interpublic Group of Companies Inc,0.008992785118495345,8161,10,0,0,0,6,0,0,0,0,0,1,159,0,0,0,0,0,0,30,0,0,4,3,0
MICROS Systems Inc,0.008942140166474783,8440,12,0,0,0,2,0,0,0,0,0,0,39,0,0,0,0,0,0,37,0,46,4,9,0
Volvere PLC,0.008914452415993247,12940,9,0,0,0,43,0,0,1,0,0,0,49,0,0,0,0,0,1,48,0,6,1,6,0
Taiji Computer Corporation Limited,0.008902616783909039,3616,8,0,0,0,28,0,0,1,0,0,0,23,0,0,0,0,0,0,5,0,12,0,3,0
"Future Architect, Inc.",0.008865401799969056,7325,12,0,0,0,32,0,1,1,0,0,2,18,0,0,0,0,0,0,17,0,5,0,3,0
ISC Business Technology AG,0.008852151345567974,3383,8,0,0,0,13,0,0,2,0,0,0,29,0,0,0,0,0,0,5,0,14,0,7,0
Remi Sales & Engg Ltd,0.008828620308346176,4418,12,0,0,0,0,0,0,0,0,0,6,27,0,0,0,0,0,0,17,0,0,1,24,0
"Fujian Rongji Software Co., Ltd.",0.008628105391644048,3769,9,0,0,0,1,0,0,1,0,0,0,67,0,0,0,0,0,0,14,0,81,0,7,0
Broadcasting System of Niigata Inc,0.008609076867407554,2581,9,0,0,0,4,0,0,0,0,0,0,17,0,0,0,0,0,1,4,0,4,0,3,0
CGS International Incorporation,0.008482728960417308,6035,13,0,0,0,5,0,0,0,0,0,0,25,0,0,0,0,0,1,10,0,57,0,11,0
Axcelasia Inc,0.008225864174863465,4400,14,0,0,0,17,0,0,0,0,0,0,37,0,0,0,0,0,0,13,0,3,1,8,0
China Railway Signal and Communictn Corp,0.00819305748755057,3264,9,0,0,0,4,0,0,1,0,0,1,24,0,0,0,0,0,1,13,0,0,0,2,0
INTREorg Systems Inc,0.008182805617827067,2992,9,0,0,0,29,0,0,0,0,0,0,33,0,0,0,0,0,0,5,0,26,0,2,0
MITCON Consultancy & Engineering Svs Ltd,0.008106084997853695,7490,10,0,0,0,67,0,0,0,0,0,1,50,0,0,0,0,0,0,21,0,0,0,11,0
Poyry PLC,0.008068187318601218,5959,12,0,0,0,53,0,0,0,0,0,5,11,0,0,0,0,0,0,13,0,0,0,4,0
InVision AG,0.007959522839528554,2534,7,0,0,0,0,0,0,0,0,0,3,12,0,0,0,0,0,0,8,0,31,0,1,0
TerraSky Co Ltd,0.007933612704879538,3841,11,0,0,0,3,0,1,0,0,0,0,32,0,0,0,0,0,0,4,0,1,0,9,0
China Aluminum Internationl Eng Corp Ltd,0.007929694882937495,4062,13,0,0,0,2,0,0,1,0,0,6,41,0,0,0,0,0,0,10,0,1,0,3,0
Mamezou Holdings Co Ltd,0.007882824685635325,3647,12,0,0,0,8,0,0,0,0,0,0,65,0,0,0,0,0,1,9,0,2,0,6,0
"Mirle Automation Co., Ltd",0.007842822130007993,4362,10,0,0,0,4,0,0,0,0,0,2,47,0,0,0,0,0,1,26,0,3,0,2,0
Taldor Computer Systems 1986 Ltd,0.007769286189035559,7669,8,0,0,0,5,0,0,0,0,0,3,62,0,0,0,0,0,1,54,0,15,0,13,0
Flight Holdings Inc,0.0077504358949083045,3316,9,0,0,0,24,0,0,1,0,0,0,31,0,0,0,0,0,0,0,0,3,0,3,0
Byte Computer S.A.,0.0077118202235916785,1892,9,0,0,0,5,0,0,0,0,0,2,23,0,0,0,0,0,0,6,0,11,0,4,0
Press Ganey Holdings Inc,0.007355800506138039,5447,13,0,0,0,23,0,0,1,0,0,2,31,0,0,0,0,0,0,53,0,3,0,5,0
Neusoft Corporation,0.007328133975632517,4692,11,0,0,0,12,0,0,0,0,0,1,12,0,0,0,0,0,0,17,0,59,0,11,0
ITS Group SA,0.00729677697453762,1293,3,0,0,0,6,0,0,1,0,0,2,2,0,0,0,0,0,0,5,0,0,0,0,0
Beijing Century Real Technology Co Ltd,0.00727633096343871,4202,9,0,0,0,9,0,0,3,0,0,0,47,0,0,0,0,0,0,15,0,11,0,4,0
Genesis Technology Inc,0.007202079545484867,5471,16,0,0,0,3,0,0,0,0,0,4,23,0,0,0,0,0,0,19,0,35,0,13,0
Branding China Group Ltd,0.007169301654422799,7381,12,0,0,0,5,0,2,0,0,0,0,126,0,0,0,0,0,0,27,0,1,0,16,0
FUJI SOFT INCORPORATED,0.00712914794101831,2992,14,0,0,0,8,0,0,1,0,0,0,21,0,0,0,0,0,0,11,0,14,0,16,0
NorCom Information Technology AG,0.007102090261399847,1763,7,0,0,0,7,0,0,1,0,0,0,9,0,0,0,0,0,0,6,0,5,0,1,0
Gexeed Co Ltd,0.007064401627702974,3533,9,0,0,0,18,0,0,1,0,0,0,35,0,0,0,0,0,0,14,0,1,0,5,0
Dalian East New Energy Developmnt Co Ltd,0.007026900633932202,4014,9,0,0,0,5,0,0,1,0,0,4,59,0,0,0,0,0,0,11,0,0,0,7,0
Koyo International Ltd,0.006991840096740829,4360,15,0,0,0,1,0,0,0,0,0,0,40,0,0,0,0,0,2,14,0,0,0,5,0
"SRA Holdings, Inc.",0.0069217549439322505,2851,7,0,0,0,11,0,0,1,0,0,0,23,0,0,0,0,0,0,4,0,14,0,3,0
Cigniti Technologies Ltd,0.006866747522199958,13307,10,0,0,0,20,0,2,0,0,0,3,59,0,0,0,0,0,0,112,0,97,0,817,0
Beijing Holystone Technology Co Ltd,0.006787897246495416,1975,5,0,0,0,0,0,0,0,0,0,0,11,0,0,0,0,0,1,6,0,1,0,3,0
MCT Danismanlik AS,0.006624819950858977,6517,8,0,0,0,17,0,0,0,0,0,0,30,0,0,0,0,0,0,6,0,39,3,2,0
Solucom SA,0.006585404057751067,3464,8,0,0,0,17,0,0,0,0,0,2,22,0,0,0,0,0,0,18,0,1,0,3,0
Asatsu-DK Inc,0.006583243952197803,3598,10,0,0,0,1,0,1,0,0,0,0,47,0,0,0,0,0,0,9,0,1,0,3,0
Lac Co Ltd,0.006399646696951432,2915,11,0,0,0,2,0,1,2,0,0,0,15,0,0,0,0,0,0,3,0,2,0,6,0
DMG Entertainment and Media Co Ltd,0.006395308588308761,4773,14,0,0,0,1,0,2,1,0,0,0,57,0,0,0,0,0,0,20,0,0,0,2,0
Marimedia Ltd,0.00629537747883093,7145,11,0,0,0,0,0,0,3,0,0,3,73,0,0,0,0,0,0,44,0,4,0,14,0
Lime Energy Co.,0.006268976901419971,5846,13,0,0,0,8,0,1,2,0,0,1,54,0,0,0,0,0,0,12,0,1,0,6,0
"The Hackett Group, Inc.",0.006206995592031754,6491,10,0,0,0,40,0,0,0,0,0,0,50,0,0,0,0,0,0,63,0,3,0,7,0
MindTree Ltd,0.006175446989178728,6773,12,0,0,0,21,0,0,0,0,0,0,50,0,0,0,0,0,0,9,0,39,0,32,0
Akka Technologies SA,0.00616264752397007,9768,13,0,0,0,23,0,0,0,0,0,7,29,0,0,0,0,0,0,9,0,21,0,13,0
Beijing SPC Environment Prtcn Tech CoLtd,0.00615889546098825,2677,9,0,0,0,2,0,0,1,0,0,2,24,0,0,0,0,0,0,11,0,21,0,8,0
COMPTA Equipamentos e Servicos Inform SA,0.006152679423375234,6153,10,0,0,0,11,0,0,1,0,0,2,40,0,0,0,0,0,0,10,0,25,0,6,0
"Information Services Group, Inc.",0.006125028126625337,5979,10,0,0,0,24,0,0,0,0,0,1,43,0,0,0,0,0,0,20,0,11,0,4,0
Beijing SoftTech Technologies Co Ltd,0.006117076108433233,6948,9,0,0,0,2,0,0,0,0,0,8,31,0,0,0,0,0,0,24,0,12,0,8,0
Ordina N.V.,0.006039330118719014,3882,11,0,0,0,10,0,0,1,0,0,1,41,0,0,0,0,0,0,4,0,1,0,3,0
Beijing Biotechina Environment Corp Ltd,0.006037433176270106,1769,5,0,0,0,1,0,0,0,0,0,1,12,0,0,0,0,0,0,1,0,1,1,0,0
"KYOWA ENGINEERING CONSULTANTS CO., LTD.",0.006015154229632791,5080,10,0,0,0,16,0,0,1,0,0,1,56,0,0,0,0,0,0,12,0,3,0,3,0
Beijing Beida Jade Bird Universal SciTch,0.0059944065490356935,5333,9,0,0,0,4,0,0,0,0,0,5,55,0,0,0,0,0,0,21,0,21,0,1,0
Union Technologies Informatique Group SA,0.005973594428561881,3613,9,0,0,0,9,0,0,1,0,0,1,56,0,0,0,0,0,0,7,0,14,0,6,0
VLC Holdings Co Ltd,0.005963057531079673,3224,13,0,0,0,19,0,0,0,0,0,1,53,0,0,0,0,0,0,23,0,2,0,9,0
Jaiprakash Associates Limited,0.005927675883334049,7014,9,0,0,0,0,0,0,0,1,0,1,38,0,0,0,0,0,0,10,0,0,0,12,0
Visagar Financial Services Ltd,0.005873865863976078,4754,7,0,0,0,0,0,2,0,0,0,0,65,0,0,0,0,0,0,15,0,0,0,13,0
I X Knowledge Inc,0.0058175058191353565,3028,14,0,0,0,16,0,0,1,0,0,0,35,0,0,0,0,0,0,11,0,1,0,3,0
Shanghai Yanhua Smartech Group Co Ltd,0.005813037289217789,2476,8,0,0,0,8,0,0,1,0,0,0,41,0,0,0,0,0,0,22,0,4,0,4,0
First Derivatives plc,0.005803372951690792,3817,8,0,0,0,15,0,0,0,0,0,0,53,0,0,0,0,0,0,9,0,19,0,7,0
Beijing Trust&Far Technology Co Ltd,0.0057576621173676,2560,8,0,0,0,6,0,0,1,0,0,0,40,0,0,0,0,0,0,13,0,13,0,3,0
"RYOMO SYSTEMS CO., LTD.",0.005719479469923417,2422,10,0,0,0,8,0,0,1,0,0,0,26,0,0,0,0,0,0,3,0,10,0,3,0
ULS Group Inc,0.005692154385867995,1900,13,0,0,0,9,0,0,0,0,0,1,10,0,0,0,0,0,0,3,0,1,0,3,0
Value HR Co Ltd,0.005687409032483885,3436,8,0,0,0,10,0,0,1,0,0,0,29,0,0,0,0,0,0,6,0,4,0,4,0
Dongbu Inc,0.0056776291754310594,2149,10,0,0,0,6,0,0,0,0,0,0,20,0,0,0,0,0,1,0,0,0,0,1,0
Neurones SA,0.005595052695706951,3047,7,0,0,0,14,0,0,0,0,0,2,12,0,0,0,0,0,0,5,0,1,0,10,0
OTSUKA CORPORATION,0.005558873745283439,4045,15,0,0,0,1,0,0,0,0,0,0,14,0,0,0,0,0,1,1,0,4,0,7,0
Onward Technologies Limited,0.005531847923363169,3064,8,0,0,0,7,0,0,0,0,0,1,29,0,0,0,0,0,0,8,0,13,0,11,0
"Net One Systems Co., Ltd.",0.00543242064673007,4037,9,0,0,0,5,0,0,4,0,0,0,22,0,0,0,0,0,0,10,0,0,0,5,0
"SOFTBRAIN Co., Ltd.",0.005300559143645028,2818,13,0,0,0,9,0,0,1,0,0,0,48,0,0,0,0,0,0,24,0,8,0,2,0
RingNet Co Ltd,0.005291208871012942,5394,13,0,0,0,13,0,0,1,0,0,1,39,0,0,0,0,0,0,8,0,3,0,9,0
GAP Vassilopoulos Public Ltd,0.005239876708160655,4423,12,0,0,0,0,0,0,0,0,0,1,27,0,0,0,0,0,1,9,0,5,0,7,0
Beijing Hantang Ziyuan Tec Co Ltd,0.005069406639174501,4327,10,0,0,0,3,0,0,0,0,0,2,18,0,0,0,0,0,0,2,0,42,0,5,0
Airex Inc,0.005021618855828489,8840,14,0,0,0,3,0,0,1,0,0,1,244,0,0,0,0,0,0,17,0,12,1,7,0
Aubay SA,0.005008881178990032,5451,9,0,0,0,8,0,0,1,0,0,1,32,0,0,0,0,0,0,16,0,5,0,4,0
"NetScout Systems, Inc.",0.005004732526727954,6153,12,0,0,0,3,0,1,0,0,0,0,15,0,0,0,0,0,0,45,0,14,0,28,0
Demand Media Inc,0.0049496753105469915,8043,13,0,0,0,0,0,0,1,0,0,2,65,0,0,0,0,0,0,13,0,22,1,6,0
Convergys Corp,0.0049424703705039695,11722,12,0,0,0,13,0,0,0,0,0,0,35,0,0,0,0,0,1,53,0,12,0,15,0
Beijing E-Hualu Info Technology Co Ltd,0.0049289068232975545,2718,9,0,0,0,1,0,0,1,0,0,2,49,0,0,0,0,0,0,11,0,7,0,5,0
SMT SA,0.00491787347772608,6276,9,0,0,0,0,0,0,0,0,0,0,7,0,0,0,0,0,1,36,0,20,0,7,0
IT Link SA,0.004872690757792198,2310,8,0,0,0,3,0,0,1,0,0,0,27,0,0,0,0,0,0,3,0,3,0,5,0
Sondotecnica Engenharia De Solos SA,0.004693538152393154,3885,7,0,0,0,4,0,0,2,0,0,1,40,0,0,0,0,0,0,11,0,0,0,11,0
Safco Investment Holding Corp,0.004640398242236008,21078,9,0,0,0,112,0,0,0,0,0,0,120,0,0,0,0,0,0,55,0,0,0,6,0
Internetq Plc,0.0046268923511556615,4321,8,0,0,0,0,0,1,0,0,0,0,81,0,0,0,0,0,0,15,0,9,0,0,0
ITFOR Inc.,0.004622295499454981,3934,12,0,0,0,5,0,0,1,0,0,0,11,0,0,0,0,0,0,9,0,6,0,7,0
Sobal Corporation,0.0045893392229386905,3373,11,0,0,0,9,0,0,0,0,0,0,68,0,0,0,0,0,0,21,0,19,0,10,0
Lightbridge Corp,0.004564033405239865,6777,10,0,0,0,12,0,1,0,0,0,0,42,0,0,0,0,0,0,8,0,0,0,15,0
Enalyzer A/S,0.00451666592533842,1005,8,0,0,0,2,0,0,0,0,0,0,13,0,0,0,0,0,0,4,0,16,0,3,0
Mirae ING Co Ltd,0.00451642186475708,1984,9,0,0,0,7,0,0,1,0,0,0,28,0,0,0,0,0,0,6,0,0,0,6,0
"Nippon Computer Dynamics Co., Ltd.",0.0045120292870944245,3860,13,0,0,0,12,0,0,1,0,0,0,43,0,0,0,0,0,0,10,0,1,0,3,0
IDS,0.004496036010310247,3970,13,0,0,0,0,0,0,0,0,0,4,0,0,0,0,0,0,0,15,0,9,0,7,0
T.D.I. Co Ltd,0.004495992977590456,3075,12,0,0,0,1,0,0,0,0,0,2,22,0,0,0,0,0,0,2,0,2,1,7,0
Hyundai Information Technology Co Ltd,0.00449336304944017,2375,10,0,0,0,9,0,0,1,0,0,0,39,0,0,0,0,0,0,10,0,1,0,6,0
SHENZHEN KINGDOM TECHNOLOGY Co Ltd,0.004486907830178306,5138,9,0,0,0,3,0,0,3,0,0,0,21,0,0,0,0,0,0,4,0,12,0,7,0
Tefen Industrial Eng. Mgt.&Sys. Analysis,0.004472732740252896,3946,9,0,0,0,14,0,0,2,0,0,0,42,0,0,0,0,0,0,20,0,0,0,5,0
"Beijing Shiji Info Technology Co., Ltd.",0.004456414311415388,3168,12,0,0,0,8,0,0,2,0,0,0,29,0,0,0,0,0,0,10,0,13,0,2,0
AFKEM AG,0.004443136625976846,2593,10,0,0,0,2,0,0,1,0,0,0,30,0,0,0,0,0,0,9,0,13,0,6,0
CN Dragon Corp,0.004434406200629411,4451,11,0,0,0,8,0,0,2,0,0,0,54,0,0,0,0,0,0,14,0,3,0,7,0
MOTIVATING THE MASSES INC,0.004365133014219006,3768,11,0,0,0,0,0,0,1,0,0,3,16,0,0,0,0,0,0,8,0,0,0,5,0
JBCC Holdings Inc.,0.004363860391080099,2801,9,0,0,0,10,0,0,0,0,0,0,56,0,0,0,0,0,0,11,0,11,0,6,0
Medical Marijuana Inc,0.00433480832643039,7464,13,0,0,0,2,0,0,0,0,0,1,52,0,0,0,0,0,1,4,0,0,1,14,0
Top Resource Conservation Engineering,0.004312129600282188,5402,8,0,0,0,0,0,0,1,0,0,0,32,0,0,0,0,0,0,25,0,2,1,6,0
Medicine Man Technologies Inc,0.004234765148639478,6113,12,0,0,0,34,0,0,0,0,0,0,38,0,0,0,0,0,0,14,0,1,0,6,0
John Wood Group PLC,0.0042187403384530715,4956,9,0,0,0,0,0,0,0,0,0,0,34,0,0,0,0,0,1,5,0,4,0,10,0
Fortune Indonesia Tbk PT,0.004209631048544777,4454,9,0,0,0,3,0,0,0,0,0,0,107,0,0,0,0,0,0,6,0,0,1,15,0
Osangjaiel Co Ltd,0.004136679494887069,3338,9,0,0,0,11,0,0,0,0,0,0,42,0,0,0,0,0,0,15,0,10,0,6,0
Kamalakshi Finace Corporation Ltd,0.004123772425491149,6085,9,0,0,0,2,0,2,0,0,0,0,33,0,0,0,0,0,0,2,0,0,0,5,0
"ValueCommerce Co., Ltd.",0.004118550210743124,3610,12,0,0,0,6,0,0,1,0,0,1,78,0,0,0,0,0,0,20,0,0,0,7,0
Institut Igh dd,0.004106390306866244,2966,9,0,0,0,6,0,0,0,0,0,2,21,0,0,0,0,0,0,5,0,2,0,9,0
Euroconsultants S.A.,0.004099561828426808,1087,8,0,0,0,13,0,0,0,0,0,0,12,0,0,0,0,0,0,2,0,0,0,2,0
Venustech Group Inc,0.004098401803708125,4007,9,0,0,0,8,0,0,1,0,0,0,43,0,0,0,0,0,0,25,0,9,0,3,0
Green Energy Mgmt Serv Hldgs Inc,0.004027044217478677,6345,10,0,0,0,11,0,0,2,0,0,0,38,0,0,0,0,0,0,17,0,19,0,3,0
NTT Com Security AG,0.0039824322410259485,3752,9,0,0,0,15,0,0,0,0,0,1,17,0,0,0,0,0,0,14,0,4,0,2,0
Gresham Computing plc,0.003975691530722024,3080,8,0,0,0,10,0,0,0,0,0,0,25,0,0,0,0,0,0,6,0,9,0,4,0
ReachLocal Inc.,0.003958675209954819,6140,11,0,0,0,1,0,0,0,0,0,0,149,0,0,0,0,0,0,24,0,23,1,3,0
Full Speed Inc.,0.0039536338612577845,3205,7,0,0,0,7,0,0,0,0,0,2,51,0,0,0,0,0,0,6,0,4,0,2,0
Cosmos Holdings Inc,0.003936986691515015,3242,9,0,0,0,1,0,0,3,0,0,0,76,0,0,0,0,0,0,9,0,0,0,3,0
Knowit AB,0.003931174379797504,2065,8,0,0,0,9,0,0,0,0,0,0,14,0,0,0,0,0,0,3,0,3,0,6,0
China TransInfo Technology Co Ltd,0.003920481927497009,3786,9,0,0,0,6,0,0,1,0,0,0,47,0,0,0,0,0,0,14,0,11,0,4,0
CE Management Integrated Laboraty Co Ltd,0.003916840266142919,4388,10,0,0,0,0,0,0,0,0,0,5,74,0,0,0,0,0,0,12,0,0,0,24,0
AtmanCo Inc,0.0039079917960459796,5582,13,0,0,0,7,0,0,0,0,0,2,84,0,0,0,0,0,0,14,0,10,0,40,0
Eficom-Sinersio SA,0.0039053306523701586,4326,9,0,0,0,8,0,0,0,0,0,1,18,0,0,0,0,0,0,7,0,1,0,3,0
Nyherji hf,0.0038870449337839123,2919,11,0,0,0,8,0,0,0,0,0,0,7,0,0,0,0,0,0,1,0,24,0,2,0
Mattersight Corp,0.0038077205798398425,5451,10,0,0,0,5,0,0,0,0,0,2,20,0,0,0,0,0,0,12,0,11,0,9,0
Dex Media Inc,0.0037920535162212347,7532,12,0,0,0,0,0,1,0,0,0,0,70,0,0,0,0,0,0,13,0,17,0,6,0
"Shenzhen Sunwin Intelligent Co.,Ltd.",0.0037610912967602867,3056,8,0,0,0,5,0,0,1,0,0,0,31,0,0,0,0,0,0,12,0,5,0,5,0
PCI-Suntek Technology Co Ltd,0.003758855190463259,3992,9,0,0,0,4,0,0,1,0,0,0,35,0,0,0,0,0,0,9,0,14,0,4,0
NEC Networks & System Integration Corp,0.003715408967185496,4001,10,0,0,0,6,0,0,0,0,0,2,10,0,0,0,0,0,0,4,0,10,0,3,0
Genpact Limited,0.003665157825232773,5992,13,0,0,0,12,0,0,1,0,0,1,32,0,0,0,0,0,0,14,0,2,0,4,0
asknet AG,0.0036184366288721727,1716,10,0,0,0,0,0,0,0,0,0,0,17,0,0,0,0,0,0,6,0,27,0,5,0
Primeserv Group Limited,0.0034897659700438566,4201,13,0,0,0,14,0,0,0,0,0,1,18,0,0,0,0,0,0,40,0,2,0,3,0
Hill International Inc,0.003481764113321732,16947,12,0,0,0,38,0,0,0,0,0,0,26,0,0,0,0,0,3,12,0,2,1,24,0
HAKUHODO DY HOLDINGS INCORPORATED,0.0034515617485715118,2613,10,0,0,0,5,0,0,0,0,0,0,49,0,0,0,0,0,0,0,0,0,1,11,0
ITbook Co Ltd,0.0034414103036260963,3410,11,0,0,0,14,0,0,0,0,0,0,69,0,0,0,0,0,0,22,0,0,0,5,0
MDC Partners Inc,0.003408962010035969,10319,9,0,0,0,7,0,0,0,0,0,0,114,0,0,0,0,0,1,12,0,9,0,11,0
Beijing Lanxum Technology Co Ltd,0.003395775454296623,1932,7,0,0,0,6,0,0,1,0,0,0,25,0,0,0,0,0,0,10,0,0,0,1,0
National Energy Services Inc,0.0033070765926927256,3435,8,0,0,0,2,0,0,0,0,0,0,26,0,0,0,0,0,0,3,0,0,1,3,0
SHS VIVEON AG,0.0033068585373231887,2313,5,0,0,0,6,0,0,0,0,0,0,11,0,0,0,0,0,0,2,0,22,0,3,0
ad pepper media International N.V.,0.0032797046606145206,3196,12,0,0,0,1,0,0,2,0,0,2,60,0,0,0,0,0,0,34,0,5,0,0,0
ICO Group Ltd,0.003256525393564101,6071,14,0,0,0,4,0,0,1,0,0,0,77,0,0,0,0,0,0,8,0,19,0,20,0
Rapid Fire Marketing Inc,0.0032252326880211797,3412,9,0,0,0,1,0,0,2,0,0,1,124,0,0,0,0,0,0,53,0,1,0,14,0
Hearts United Group Co Ltd,0.003195541940765195,5424,10,0,0,0,4,0,0,1,0,0,0,66,0,0,0,0,0,0,16,0,18,0,24,0
"SOPHIA HOLDINGS CO., LTD.",0.0031929509445103427,2910,13,0,0,0,5,0,0,1,0,0,0,28,0,0,0,0,0,0,9,0,5,0,2,0
Bluedon Information Security Tech Co Ltd,0.0031831425784549085,3101,8,0,0,0,5,0,0,1,0,0,0,34,0,0,0,0,0,0,4,0,3,0,4,0
Umanis SA,0.00315218350401516,3575,8,0,0,0,9,0,0,1,0,0,0,84,0,0,0,0,0,0,1,0,2,0,8,0
Shenzhen Hirisun Technology Inc,0.003085125179729727,2735,8,0,0,0,8,0,0,0,0,0,0,43,0,0,0,0,0,0,1,0,5,0,5,0
Ausenco Limited,0.0030801748412728033,4547,11,0,0,0,15,0,0,0,0,0,0,13,0,0,0,0,0,0,5,0,1,0,4,0
Hand Enterprise Solutions Co Ltd,0.003052815239796724,1591,7,0,0,0,4,0,0,0,0,0,0,11,0,0,0,0,0,0,1,0,14,0,1,0
MOLD-TEK Technologies Limited,0.0030004996039597093,4018,8,0,0,0,0,0,0,0,0,0,3,36,0,0,0,0,0,0,20,0,1,0,15,0
ANGLE plc,0.0029615402472081796,2961,8,0,0,0,0,0,0,0,0,0,3,10,0,0,0,0,0,0,13,0,0,0,22,0
AVIC International Maritime Holdings Ltd,0.002836895666507508,4952,13,0,0,0,7,0,0,1,0,0,1,41,0,0,0,0,0,0,11,0,0,0,5,0
Sword Group SE,0.0028297700550698043,5348,8,0,0,0,10,0,0,1,0,0,1,54,0,0,0,0,0,0,19,0,17,0,5,0
Boustead Singapore Limited,0.002816055434224247,3900,9,0,0,0,0,0,0,1,0,0,2,27,0,0,0,0,0,0,4,0,1,0,15,0
NCC Group PLC,0.0027378650693489735,4998,12,0,0,0,4,0,0,1,0,0,0,54,0,0,0,0,0,0,9,0,16,0,21,0
New Sports Group Ltd,0.0027131489327687046,11127,12,0,0,0,10,0,0,0,0,0,3,58,0,0,0,0,0,0,25,0,57,0,5,0
Avega Group AB,0.0027004655150756132,1503,9,0,0,0,9,0,0,0,0,0,0,15,0,0,0,0,0,0,0,0,1,0,6,0
"Quest Co., Ltd.",0.0026844579452862914,2662,9,0,0,0,2,0,0,0,0,0,1,19,0,0,0,0,0,0,15,0,8,0,4,0
Micropole SA,0.0025450881806653156,4415,10,0,0,0,10,0,0,0,0,0,0,32,0,0,0,0,0,0,27,0,7,0,3,0
Vendator AB,0.0024906629300670198,2823,7,0,0,0,1,0,0,0,0,0,1,23,0,0,0,0,0,0,5,0,5,0,3,0
High Co SA,0.0023938517868054097,3894,9,0,0,0,4,0,0,1,0,0,0,69,0,0,0,0,0,0,17,0,0,0,10,0
TRIAD GROUP PLC,0.0023907771703276523,3280,8,0,0,0,6,0,0,0,0,0,0,54,0,0,0,0,0,0,9,0,8,0,8,0
SDL plc,0.0023891456471166585,1962,10,0,0,0,1,0,0,0,0,0,0,9,0,0,0,0,0,0,5,0,22,0,5,0
MaKheiA Group SA,0.0023693813627225836,2711,9,0,0,0,3,0,0,1,0,0,0,40,0,0,0,0,0,0,14,0,0,0,3,0
"System Location Co., Ltd.",0.0023655643106583477,3017,11,0,0,0,3,0,0,1,0,0,0,26,0,0,0,0,0,0,13,0,2,0,7,0
Criteo SA (ADR),0.0023245050872619374,9138,13,0,0,0,0,0,0,1,0,0,3,156,0,0,0,0,0,0,64,0,6,0,9,0
Pironet NDH AG,0.002323091576225803,1906,5,0,0,0,3,0,0,0,0,0,0,5,0,0,0,0,0,0,4,0,5,0,4,0
Betacom SA,0.002321027171974268,4086,10,0,0,0,4,0,0,0,0,0,0,17,0,0,0,0,0,0,8,0,16,0,1,0
Daea TI Co Ltd,0.002300358449936032,3499,9,0,0,0,6,0,0,1,0,0,0,59,0,0,0,0,0,0,2,0,2,0,9,0
China Shipping Network Technology Co Ltd,0.002242672451002735,4702,10,0,0,0,3,0,0,1,0,0,0,39,0,0,0,0,0,0,3,0,7,0,9,0
Antevenio SA,0.002161167257954898,4615,9,0,0,0,0,0,0,2,0,0,0,51,0,0,0,0,0,0,14,0,6,0,3,0
DealerTrack Technologies Inc,0.002145548451739617,3355,12,0,0,0,0,0,0,0,0,0,1,24,0,0,0,0,0,0,14,0,10,0,3,0
Limas Indonesia Makmur Tbk PT,0.00213337645052123,2748,10,0,0,0,1,0,0,1,0,0,0,26,0,0,0,0,0,0,11,0,3,0,1,0
Issuer Direct Corp,0.002112080943978679,4937,10,0,0,0,0,0,0,0,0,0,2,34,0,0,0,0,0,0,7,0,10,0,4,0
Wuhan Guanggu Infrtn Tech Co Ltd,0.0020677308024264394,2877,9,0,0,0,1,0,0,0,0,0,1,9,0,0,0,0,0,0,3,0,3,0,5,0
Workforce Holdings Limited,0.002048981633046697,2751,11,0,0,0,11,0,0,0,0,0,0,10,0,0,0,0,0,0,4,0,0,0,2,0
Zhi Cheng Holdings Ltd,0.00203845681417144,4059,7,0,0,0,4,0,0,1,0,0,0,41,0,0,0,0,0,0,19,0,0,0,6,0
Assystem SA,0.0020215273639646028,4204,8,0,0,0,8,0,0,0,0,0,2,21,0,0,0,0,0,0,5,0,0,0,0,0
Agrivest Americas Inc,0.001967786484387809,5373,12,0,0,0,9,0,0,0,0,0,0,45,0,0,0,0,0,0,18,0,7,0,6,0
WPP PLC,0.0019458140252689297,6696,14,0,0,0,1,0,0,2,0,0,2,99,0,0,0,0,0,0,13,0,2,0,9,0
"VASCO Data Security International, Inc.",0.0019368215839121459,5418,9,0,0,0,4,0,0,0,0,0,0,30,0,0,0,0,0,0,12,0,23,0,7,0
Tianze Information Industry Inc,0.0019001749692403827,3668,8,0,0,0,0,0,0,1,0,0,0,76,0,0,0,0,0,0,3,0,9,0,8,0
WidePoint Corporation,0.0018856463092556685,3454,10,0,0,0,6,0,0,0,0,0,0,21,0,0,0,0,0,0,4,0,6,0,18,0
Senior Solution SA,0.0018502958559670644,4460,7,0,0,0,1,0,0,0,0,0,0,47,0,0,0,0,0,0,7,0,42,0,1,0
Galaxia SM Inc,0.001819948464978536,3206,10,0,0,0,11,0,0,0,0,0,0,91,0,0,0,0,0,0,0,0,0,0,8,0
FullSix SpA,0.0017748554566924897,2645,10,0,0,0,0,0,0,1,0,0,0,42,0,0,0,0,0,0,4,0,1,0,6,0
Jiangsu Province Comm P & D Inste Ltd Co,0.0017684478083230012,8641,7,0,0,0,0,0,0,0,0,0,3,31,0,0,0,0,0,0,12,0,1,0,7,0
Inly Media Co Ltd,0.0017508643398691155,4238,10,0,0,0,6,0,0,1,0,0,0,62,0,0,0,0,0,0,13,0,0,0,2,0
AXISCADES Engineering Technologies Ltd,0.0017505140388928296,6459,12,0,0,0,0,0,0,0,0,0,0,36,0,0,0,0,0,0,22,0,36,0,39,0
Przedsiebiorstwo Mdrnzc Urzdzn Ergtyzyh,0.0017299746021517467,24846,5,0,0,0,18,0,0,0,0,0,8,35,0,0,0,0,0,3,8,0,0,0,12,0
Privanet Sdn Bhd,0.0017293570790505133,5080,9,0,0,0,3,0,0,0,0,0,0,11,0,0,0,0,0,0,10,0,16,0,9,0
Invigor Group Ltd,0.0016857041674657733,3446,10,0,0,0,0,0,0,1,0,0,0,31,0,0,0,0,0,0,7,0,4,0,5,0
Digimatic Group Ltd,0.0016766607362800018,3074,8,0,0,0,0,0,0,1,0,0,0,46,0,0,0,0,0,0,20,0,7,0,1,0
Dohwa Engineering Co Ltd,0.0016732718781730508,3215,10,0,0,0,10,0,0,0,0,0,0,20,0,0,0,0,0,0,2,0,0,0,4,0
Nexus Enterprise Solutions Inc,0.0016588568159102085,4089,8,0,0,0,3,0,0,1,0,0,0,56,0,0,0,0,0,0,18,0,0,0,4,0
MSC Group AB,0.0016544358457540457,1063,6,0,0,0,1,0,0,0,0,0,0,9,0,0,0,0,0,0,10,0,5,0,0,0
Keyware Solutions Inc.,0.0016170216864487131,2597,9,0,0,0,2,0,0,0,0,0,0,24,0,0,0,0,0,0,13,0,12,0,3,0
FDM Group (Holdings) PLC,0.001596224045422715,6461,14,0,0,0,7,0,0,0,0,0,0,34,0,0,0,0,0,0,13,0,9,0,3,0
WPP PLC (ADR),0.0015614459084851602,14288,10,0,0,0,2,0,0,3,0,0,0,292,0,0,0,0,0,0,91,0,7,0,23,0
Mobile Network Group SA,0.0015518549821001973,2576,9,0,0,0,0,0,0,0,0,0,2,37,0,0,0,0,0,0,41,0,2,0,54,0
Dentsu Inc,0.0015383088474725728,12716,15,0,0,0,17,0,0,0,0,0,1,167,0,0,0,0,0,0,8,0,4,0,20,0
Netccentric Ltd,0.0015356884323685354,2822,8,0,0,0,0,0,0,1,0,0,0,9,0,0,0,0,0,0,4,0,1,0,4,0
Wallix Group SA,0.001535582743206117,5427,12,0,0,0,5,0,0,0,0,0,0,23,0,0,0,0,0,0,11,0,13,0,4,0
Gemini Communications Ltd.,0.001521717176126215,4574,8,0,0,0,9,0,0,0,0,0,0,43,0,0,0,0,0,0,24,0,0,0,11,0
Hopscotch Groupe SA,0.0015191107627751427,5299,9,0,0,0,2,0,0,2,0,0,0,48,0,0,0,0,0,0,15,0,2,0,10,0
Beijing Lw Marketing Comm Co Ltd,0.0014649703584328985,2471,6,0,0,0,5,0,0,0,0,0,0,34,0,0,0,0,0,0,1,0,0,0,4,0
ADL Partner SA,0.001456131153934645,3067,10,0,0,0,0,0,0,1,0,0,0,48,0,0,0,0,0,0,19,0,1,0,7,0
Fasteps Co Ltd,0.0014495923448798397,4848,13,0,0,0,8,0,0,0,0,0,0,89,0,0,0,0,0,0,23,0,2,0,8,0
Begbies Traynor Group plc,0.0014352811366409766,5067,10,0,0,0,9,0,0,0,0,0,0,57,0,0,0,0,0,0,11,0,1,0,4,0
Asia Corporate Development PCL,0.0014324326441404012,2857,7,0,0,0,0,0,0,1,0,0,0,11,0,0,0,0,0,0,5,0,8,0,3,0
Uangel Corp,0.0014077134709832714,2867,12,0,0,0,5,0,0,0,0,0,0,30,0,0,0,0,0,0,5,0,0,0,4,0
Cdialogues PLC,0.0013661898199867693,4084,13,0,0,0,0,0,0,0,0,0,1,58,0,0,0,0,0,0,5,0,6,0,3,0
Intershop Communications AG,0.0013451844793143475,3068,12,0,0,0,3,0,0,0,0,0,0,33,0,0,0,0,0,0,14,0,8,0,2,0
Technovator International Ltd,0.0013398580124908063,3476,13,0,0,0,4,0,0,0,0,0,0,27,0,0,0,0,0,0,12,0,6,0,4,0
"Datang Telecom Technology Co., Ltd",0.0013379125792467436,3441,8,0,0,0,0,0,0,1,0,0,0,11,0,0,0,0,0,0,5,0,10,0,2,0
NS Solutions Corp,0.001313696138077253,1959,6,0,0,0,3,0,0,0,0,0,0,9,0,0,0,0,0,0,3,0,4,0,0,0
Palette Multimedia Berhad,0.0013115297428299318,5351,9,0,0,0,5,0,0,0,0,0,0,68,0,0,0,0,0,0,18,0,3,0,5,0
ORT Technologies Ltd,0.001303673299384677,2627,9,0,0,0,0,0,0,1,0,0,0,30,0,0,0,0,0,0,4,0,2,0,3,0
Itochu Techno-Solutions Corp,0.0013000032152726208,1775,10,0,0,0,3,0,0,0,0,0,0,10,0,0,0,0,0,0,0,0,3,0,1,0
Kyung Bong Co Ltd,0.0012910178299007224,4203,9,0,0,0,7,0,0,0,0,0,0,32,0,0,0,0,0,0,6,0,2,0,5,0
mTouche Technology Bhd,0.0012726616118818896,7715,12,0,0,0,3,0,0,1,0,0,0,93,0,0,0,0,0,0,2,0,6,0,17,0
Publicis Groupe SA (ADR),0.0012630694145515818,6020,9,0,0,0,4,0,0,1,0,0,0,81,0,0,0,0,0,0,15,0,0,0,8,0
Emefcy Group Ltd,0.0012484244919246444,7400,13,0,0,0,0,0,0,1,0,0,2,72,0,0,0,0,0,0,20,0,2,0,17,0
APEX Intl Financl Engg Res & Tech Co Ltd,0.0012406966883133773,6089,9,0,0,0,1,0,0,0,0,0,0,51,0,0,0,0,0,0,16,0,20,0,4,0
Nextedia SA,0.0012187839467977762,2307,7,0,0,0,2,0,0,0,0,0,0,39,0,0,0,0,0,0,25,0,4,0,4,0
XLMedia PLC,0.0011856031860296831,2937,11,0,0,0,0,0,0,0,0,0,1,58,0,0,0,0,0,0,20,0,2,0,3,0
Beijing Tensyn Digital Marketng Tech JSC,0.0011802771310789864,2914,9,0,0,0,0,0,0,1,0,0,0,96,0,0,0,0,0,0,13,0,1,0,3,0
"iPeople, Inc.",0.001134913236418508,5166,13,0,0,0,7,0,0,0,0,0,0,46,0,0,0,0,0,0,11,0,1,0,4,0
Chinanet Online Holdings Inc,0.001076183128615515,5157,10,0,0,0,4,0,0,1,0,0,0,58,0,0,0,0,0,0,18,0,0,0,2,0
Spearhead Integrated Marketing Commtn Gp,0.0010681726299946192,3838,8,0,0,0,1,0,0,2,0,0,0,135,0,0,0,0,0,0,15,0,0,0,2,0
Groupe Concoursmania SA,0.00105378870610229,5858,9,0,0,0,0,0,0,1,0,0,1,45,0,0,0,0,0,0,6,0,1,0,5,0
Royal Imtech NV,0.0010402209943777049,3254,7,0,0,0,0,0,0,1,0,0,0,40,0,0,0,0,0,0,12,0,0,0,3,0
LCA Holdings Corp,0.000994077233791572,2182,7,0,0,0,4,0,0,0,0,0,0,34,0,0,0,0,0,0,2,0,0,0,8,0
Data Respons ASA,0.0009916294547131547,2708,9,0,0,0,0,0,0,0,0,0,1,26,0,0,0,0,0,0,6,0,2,0,7,0
Guangdong Guangzhou Daily Media Co Ltd,0.0009912416597802785,4232,10,0,0,0,1,0,0,1,0,0,0,51,0,0,0,0,0,0,19,0,0,0,3,0
Guangdong Advertising Group Co Ltd,0.0009315924479028602,3358,10,0,0,0,0,0,0,1,0,0,0,63,0,0,0,0,0,0,10,0,0,0,3,0
Lark.pl SA,0.0009312456708623105,3693,9,0,0,0,0,0,0,0,0,0,1,35,0,0,0,0,0,0,10,0,0,0,10,0
Maruwa Unyu Kikan Co Ltd,0.0009239390573736455,5541,11,0,0,0,7,0,0,0,0,0,0,65,0,0,0,0,0,0,23,0,0,0,5,0
CEC CoreCast Corporation Limited,0.0009047530959166887,3305,10,0,0,0,0,0,0,1,0,0,0,28,0,0,0,0,0,0,2,0,6,0,2,0
Chuo Senko (Thailand) PCL,0.000874080281135652,2444,10,0,0,0,7,0,0,0,0,0,0,57,0,0,0,0,0,0,0,0,0,0,2,0
Guangdong Eastone Century Techlgy Co Ltd,0.0008586582453221773,3859,10,0,0,0,0,0,0,1,0,0,0,53,0,0,0,0,0,0,10,0,2,0,4,0
Shenzhen Glory Medical Co Ltd,0.0008252287694590952,3090,8,0,0,0,0,0,0,1,0,0,0,41,0,0,0,0,0,0,12,0,2,0,2,0
iSIGN Media Solutions Inc,0.0008229989477929438,6184,11,0,0,0,0,0,0,0,0,0,0,62,0,0,0,0,0,0,9,0,18,0,9,0
UBL Interactive Inc,0.0007938715705181054,3388,8,0,0,0,0,0,0,1,0,0,0,32,0,0,0,0,0,0,18,0,0,0,1,0
Insynergy Products Inc,0.0007417656240877562,3383,9,0,0,0,0,0,0,1,0,0,0,39,0,0,0,0,0,0,1,0,0,0,3,0
Goldbach Group AG,0.0007221754782266548,2159,8,0,0,0,3,0,0,0,0,0,0,48,0,0,0,0,0,0,11,0,0,0,2,0
"Zhejiang Yasha Decoration Co.,Ltd.",0.0006986185954284062,4494,9,0,0,0,0,0,0,1,0,0,0,45,0,0,0,0,0,0,11,0,0,0,3,0
Semcon AB,0.0006457851619961778,5519,12,0,0,0,2,0,0,0,0,0,0,27,0,0,0,0,0,0,11,0,7,0,19,0
Hoegh LNG Holdings Ltd,0.0006454905804150742,4654,12,0,0,0,0,0,0,0,0,0,1,57,0,0,0,0,0,0,12,0,0,0,4,0
Capacent Holding publ AB,0.0006261931193845441,4296,9,0,0,0,3,0,0,0,0,0,0,52,0,0,0,0,0,0,12,0,1,0,7,0
Matomy Media Group Ltd,0.0006033029955132719,4792,12,0,0,0,0,0,0,1,0,0,0,69,0,0,0,0,0,0,32,0,1,0,0,0
"E-SUPPORTLINK, Ltd.",0.0005602271873561102,3291,11,0,0,0,3,0,0,0,0,0,0,44,0,0,0,0,0,0,16,0,0,0,2,0
Opt Holding Inc,0.0005425101467361224,3951,8,0,0,0,0,0,0,1,0,0,0,61,0,0,0,0,0,0,2,0,0,0,3,0
Innocean Worldwide Inc (Parent),0.0005091616381116608,5940,11,0,0,0,4,0,0,0,0,0,0,75,0,0,0,0,0,0,7,0,0,0,5,0
Innocean WorldwideInc,0.0004883290163001953,4950,13,0,0,0,3,0,0,0,0,0,0,90,0,0,0,0,0,0,15,0,0,0,7,0
MiTAC Inc.,0.0004685709509363754,5131,9,0,0,0,0,0,0,0,0,0,0,28,0,0,0,0,0,0,12,0,9,0,4,0
Web Media Group AD Sofia,0.0004528930827842068,3866,9,0,0,0,0,0,0,0,0,0,0,48,0,0,0,0,0,0,7,0,6,0,8,0
Dingli Corp Ltd,0.00044975617237233266,11344,15,0,0,0,0,0,0,0,0,0,1,71,0,0,0,0,0,0,85,0,12,0,262,0
Global Equity International Inc,0.0004490616564966901,3993,9,0,0,0,3,0,0,0,0,0,0,66,0,0,0,0,0,0,11,0,0,0,2,0
Mota Engil Africa NV,0.0004316785987110805,2884,9,0,0,0,0,0,0,1,0,0,0,39,0,0,0,0,0,0,2,0,0,0,2,0
Etteplan Oyj,0.0004282686853818186,4558,13,0,0,0,0,0,0,0,0,0,0,15,0,0,0,0,0,0,4,0,8,0,25,0
CNI Holdings Berhad,0.0004207293165407191,3705,10,0,0,0,0,0,0,0,0,0,0,42,0,0,0,0,0,0,5,0,6,0,12,0
Cheil Worldwide Inc,0.0003979544207915181,2798,7,0,0,0,0,0,0,0,0,0,1,44,0,0,0,0,0,0,0,0,0,0,2,0
Intertrust NV,0.0003830579244538588,8766,14,0,0,0,0,0,0,1,0,0,0,104,0,0,0,0,0,0,19,0,0,0,9,0
Alter Nrg Corp.,0.0003695314850070622,6303,12,0,0,0,0,0,0,1,0,0,0,24,0,0,0,0,0,0,2,0,1,0,11,0
Beijing Guchngrt Sci and Tech Co Ltd,0.00035500381587062144,2214,6,0,0,0,1,0,0,0,0,0,0,19,0,0,0,0,0,0,5,0,1,0,4,0
TradeDoubler AB,0.0003400014550866234,3949,12,0,0,0,0,0,0,0,0,0,0,76,0,0,0,0,0,0,28,0,6,0,1,0
Amanet Management & Systems Ltd.,0.0003352537318583606,3372,14,0,0,0,1,0,0,0,0,0,0,65,0,0,0,0,0,0,23,0,1,0,8,0
"E-SEIKATSU CO., LTD.",0.0003110434816963801,3944,14,0,0,0,1,0,0,0,0,0,0,55,0,0,0,0,0,0,10,0,2,0,3,0
MVV Holding publ AB,0.0003088861749026182,33067,9,0,0,0,10,0,0,0,0,0,1,215,0,0,0,0,0,0,14,0,5,0,24,0
Guru Online Holdings Ltd,0.00030790006677336305,6657,12,0,0,0,0,0,0,1,0,0,0,85,0,0,0,0,0,0,11,0,0,0,4,0
Wise Group AB,0.00026489707100934705,3864,7,0,0,0,2,0,0,0,0,0,0,26,0,0,0,0,0,0,9,0,1,0,2,0
Yatai Duhui Beijing Urban P & B GDRI,0.00025897078602009983,12254,6,0,0,0,6,0,0,0,0,0,1,24,0,0,0,0,0,0,6,0,1,0,7,0
Visual China Group Co Ltd,0.0002503816541167202,4323,13,0,0,0,1,0,0,0,0,0,0,61,0,0,0,0,0,0,10,0,1,0,5,0
Cimic Group Ltd,0.00022463200246981938,8184,13,0,0,0,0,0,0,1,0,0,0,34,0,0,0,0,0,0,37,0,0,0,2,0
Digital Brand Media & Marketing Grp Inc,0.00019282222541355012,4352,8,0,0,0,0,0,0,0,0,0,0,110,0,0,0,0,0,0,19,0,3,0,7,0
Starrex International Ltd,0.00018648530729532866,5049,8,0,0,0,0,0,0,0,0,0,0,59,0,0,0,0,0,0,14,0,5,0,4,0
WeedHire International Inc,0.00017645080450313225,4502,9,0,0,0,1,0,0,0,0,0,0,52,0,0,0,0,0,0,9,0,0,0,3,0
Ancom Logistics Bhd,0.00016105028825920157,4812,10,0,0,0,1,0,0,0,0,0,0,48,0,0,0,0,0,0,10,0,0,0,14,0
Mobiquity Technologies Inc,0.00014992702784674743,1484,7,0,0,0,0,0,0,0,0,0,0,26,0,0,0,0,0,0,9,0,1,0,4,0
Intellivate Capital Advisors ltd,0.00014056913433175514,5555,10,0,0,0,1,0,0,0,0,0,0,64,0,0,0,0,0,0,23,0,0,0,12,0
China All Access (Holdings) Ltd,0.00012834159448900628,5520,9,0,0,0,0,0,0,0,0,0,0,54,0,0,0,0,0,0,13,0,3,0,7,0
Bango plc,0.00012507930434441588,1400,5,0,0,0,0,0,0,0,0,0,0,23,0,0,0,0,0,0,1,0,2,0,0,0
Ebiquity plc,0.00012029633438587647,9542,10,0,0,0,2,0,0,0,0,0,0,282,0,0,0,0,0,0,123,0,0,0,19,0
Rocket Fuel Inc,0.0001172032322305677,2986,9,0,0,0,0,0,0,0,0,0,0,64,0,0,0,0,0,0,21,0,2,0,7,0
FT8 PLC,0.0001125950980200814,7479,10,0,0,0,1,0,0,0,0,0,0,51,0,0,0,0,0,0,2,0,1,0,11,0
Advertising Prodigy AD Sofia,7.319150654198408e-05,3887,8,0,0,0,0,0,0,0,0,0,0,32,0,0,0,0,0,0,9,0,1,0,13,0
NAHL Group PLC,6.659120881141349e-05,4096,9,0,0,0,0,0,0,0,0,0,0,97,0,0,0,0,0,0,4,0,1,0,8,0
The Mission Marketing Group plc,5.796714943304843e-05,4939,8,0,0,0,0,0,0,0,0,0,0,115,0,0,0,0,0,0,16,0,1,0,3,0
Yellow Pages Ltd,3.737150740456438e-05,8231,14,0,0,0,0,0,0,0,0,0,0,48,0,0,0,0,0,0,25,0,1,0,13,0
SOL Holdings Corp,1.7987073310401145e-05,2401,9,0,0,0,0,0,0,0,0,0,0,29,0,0,0,0,0,0,4,0,0,0,23,0
CyrusOne Inc,1.3935830488638904e-05,6161,12,0,0,0,0,0,0,0,0,0,0,37,0,0,0,0,0,0,25,0,0,0,44,0
1000mercis SA,8.905977690530677e-06,1270,6,0,0,0,0,0,0,0,0,0,0,38,0,0,0,0,0,0,3,0,0,0,5,0
Zeeland Oyj,6.745401970448248e-06,3903,7,0,0,0,0,0,0,0,0,0,0,35,0,0,0,0,0,0,11,0,0,0,7,0
Vela Technologies PLC,6.304391766498958e-06,3182,9,0,0,0,0,0,0,0,0,0,0,43,0,0,0,0,0,0,9,0,0,0,6,0
JGC Corp,5.839382208696844e-06,4325,10,0,0,0,0,0,0,0,0,0,0,19,0,0,0,0,0,0,6,0,0,0,11,0
Connect Group NV,5.24733604000507e-06,4115,12,0,0,0,0,0,0,0,0,0,0,35,0,0,0,0,0,0,6,0,0,0,8,0
Trader Media East Limited,5.157957120454825e-06,3163,8,0,0,0,0,0,0,0,0,0,0,47,0,0,0,0,0,0,12,0,0,0,1,0
TSR Capital Berhad,4.396780575736838e-06,3619,8,0,0,0,0,0,0,0,0,0,0,40,0,0,0,0,0,0,6,0,0,0,3,0
CWT Ltd,4.378976734860497e-06,3980,13,0,0,0,0,0,0,0,0,0,0,52,0,0,0,0,0,0,7,0,0,0,4,0
STW Communications Group Ltd.,3.7615882360529965e-06,3734,11,0,0,0,0,0,0,0,0,0,0,32,0,0,0,0,0,0,1,0,0,0,8,0
Ezfly International Travel Agent Co Ltd,2.9903487454992955e-06,2871,8,0,0,0,0,0,0,0,0,0,0,29,0,0,0,0,0,0,8,0,0,0,1,0
Reach4entertainment Enterprises PLC,2.8249970871026945e-06,1990,7,0,0,0,0,0,0,0,0,0,0,40,0,0,0,0,0,0,3,0,0,0,2,0
Edu Fin Inv JSC,2.799850774110011e-06,5452,9,0,0,0,0,0,0,0,0,0,0,34,0,0,0,0,0,0,2,0,0,0,10,0
Wincanton plc,2.215295740861489e-06,4915,13,0,0,0,0,0,0,0,0,0,0,41,0,0,0,0,0,0,2,0,0,0,7,0
Keller Group plc,1.6847734236724764e-06,2483,7,0,0,0,0,0,0,0,0,0,0,12,0,0,0,0,0,0,0,0,0,0,5,0
Aviv Arlon Ltd,1.6252128962797133e-06,2312,8,0,0,0,0,0,0,0,0,0,0,49,0,0,0,0,0,0,1,0,0,0,2,0
M&C Saatchi Plc,9.015843606773081e-07,2394,9,0,0,0,0,0,0,0,0,0,0,21,0,0,0,0,0,0,2,0,0,0,1,0
