name,score,document_length,url_count,computer,cooling,desktop,heat pipe,led,module,peripheral,server,thermal
Asia Vital Components Co Ltd,0.8033923318294761,3104,12,12,7,0,6,14,6,2,3,15
ADDA CORP,0.2940793771144365,3973,10,4,27,0,0,5,6,0,0,19
Ban Leong Technologies  Ltd,0.26936306065755505,2146,14,1,7,7,0,3,0,1,0,17
technotrans AG,0.19375397199735078,3377,10,1,21,0,0,12,0,3,0,0
Ferrotec Corporation,0.1754205475600487,2912,11,0,8,0,0,3,36,0,0,26
Mobotix AG,0.12428964372470523,4390,13,5,1,0,0,15,15,0,2,33
Silitech Technology Corporation,0.12054863711977327,3258,9,17,5,4,0,9,15,3,0,0
Hyper Inc,0.10849568180077086,4225,18,12,1,0,0,25,1,4,27,3
Laird PLC,0.10048310998578669,10534,12,1,6,0,0,9,159,0,1,26
CTS Corporation,0.09149343276299805,3904,10,4,0,0,0,13,16,0,0,26
Genuine C&C Inc,0.06467161243839997,3174,12,17,1,4,0,7,1,6,3,0
PC Direct,0.06449142996450964,2804,8,16,2,7,0,7,0,2,11,0
DI Corp,0.06170823822857479,13924,10,0,0,0,0,4,0,0,0,233
Sun.King Power Electronics Group Ltd,0.05880256802728928,3980,8,1,7,0,0,4,11,0,0,0
Ingram Micro Inc.,0.054528201493034854,4981,13,14,0,7,0,16,0,4,8,4
"Mattson Technology, Inc.",0.04856471020963378,4837,11,1,0,0,0,12,2,0,0,30
SOLUETA Co Ltd,0.048115196587261266,2750,9,1,0,0,0,12,0,0,0,16
Dexerials Corp,0.04266246639990108,3662,10,0,0,0,0,0,12,0,0,45
IM Tech Inc,0.042395298458542285,3995,11,1,0,1,0,8,5,1,0,12
IEI Integration Corp,0.04081856118698344,4139,10,40,1,0,0,4,18,13,0,2
Tokyo Electron Device Ltd,0.039561215502242446,4758,11,6,0,0,0,4,3,1,7,5
Synnex (Thailand) Public Company Limited,0.0390639596127894,3415,10,42,0,6,0,5,0,3,9,0
Coretronic Corporation,0.03805075080646353,4097,8,6,1,1,0,5,58,2,0,1
Dimerco Data System Corporation,0.03765769183494044,2968,8,32,0,0,0,5,1,6,8,0
NTT System SA,0.035737994976521664,5949,18,34,0,15,0,2,0,9,12,0
Action SA,0.03451029156501097,1555,5,11,0,1,0,4,0,1,8,0
Jorjin Technologies Inc,0.03431860779291416,2704,11,1,0,0,0,5,64,0,1,1
Beijing Siasun Electronic System Co Ltd,0.03351105293450281,1879,9,12,1,1,0,2,0,6,1,0
Fortune Information Systems Corp,0.030657926623430646,3599,9,32,0,0,0,7,0,9,10,0
Global Standard Technology Co Ltd,0.030575089955035873,2482,10,0,0,0,0,9,0,0,0,13
SINGULUS TECHNOLOGIES  AG,0.02893288554093007,2876,8,2,0,0,0,9,0,0,3,7
Litemax Electronics Inc,0.0286474716612864,4966,14,14,0,0,0,91,9,1,0,8
"Advanced Energy Industries, Inc.",0.027619491506740427,6437,10,0,0,0,0,39,20,0,0,13
centrotherm photovoltaics AG,0.027105567909364137,2487,8,0,0,0,0,4,27,0,0,5
PCS Technology Ltd,0.026451775906337707,5862,11,17,1,6,0,13,2,1,4,0
Trais Co Ltd,0.02589804861791947,4266,10,6,0,0,0,14,31,0,0,4
Unitech Computer Co Ltd,0.024431868477117584,3079,9,62,0,0,0,7,1,5,4,0
IDEC CORPORATION,0.024211115475808682,6426,14,3,0,0,0,40,24,2,1,7
Young Optics Inc.,0.02420318141912446,1990,10,1,0,0,0,8,29,0,0,3
Shenzhen Success Electronics Co Ltd,0.02402546472958553,3273,9,4,0,0,0,2,13,0,15,0
ROHM COMPANY LIMITED,0.02368778488004636,12273,14,5,0,0,0,54,35,1,3,7
Disway SA,0.023301147818176375,6003,14,20,0,8,0,4,1,1,5,0
Versarien PLC,0.023056250536498787,1794,9,0,0,0,0,4,0,0,0,6
Microtips Technology Inc.,0.02256557698871851,11401,7,9,0,2,0,180,129,0,1,3
Korea Information Engineering Services,0.02220120146807063,1617,8,12,0,3,0,6,0,2,3,0
"Soaring Technology Co., Ltd.",0.02136311651793233,3421,12,6,0,1,0,2,0,3,0,4
Viatron Technologies Inc,0.020732305810781955,2560,8,0,0,0,0,5,0,0,0,7
Shengyi Technology Co Ltd,0.019782500993598625,3121,9,5,0,0,0,1,0,0,0,7
Browave Corp,0.019764697306996787,2568,10,0,0,0,0,12,96,0,0,0
Bestcom Infotech Corp,0.019509515088150433,2637,8,32,0,1,0,3,0,8,1,0
SEIRYO ELECTRIC CORPORATION,0.019313173181651527,2945,9,7,0,1,0,1,0,2,9,0
Hengli Petrochemical Co Ltd,0.018686276280750518,4223,10,1,3,0,0,5,0,0,0,0
Powermatic Data Systems Ltd.,0.017794463213125215,3627,8,15,0,0,0,3,5,7,2,0
S Connect Co Ltd,0.01774275143102362,2646,8,3,0,0,0,2,5,1,6,0
"Holy Stone Enterprise Co., Ltd.",0.01768560247933967,6069,12,3,0,0,0,29,30,13,0,0
Stark Technology Inc,0.017285256304874482,1776,11,8,0,0,0,2,0,3,5,0
Tokyo Electron Ltd,0.017205622674647397,5588,12,5,0,0,0,9,1,1,1,5
Power Quotient International Co Ltd,0.017028084147893353,2900,12,7,0,0,0,2,8,13,0,0
Shanghai HIUV New Materials Co Ltd,0.016722812516253144,2658,8,0,0,0,0,11,49,0,1,0
Wiisol Co Ltd,0.016659020869351896,1812,12,0,0,0,0,1,82,0,0,0
Promate Electronic Co Ltd,0.016493489959834382,2690,10,11,1,0,0,6,5,1,0,0
Ryoyo Electro Corp,0.016342629288866643,4625,10,8,0,0,0,4,3,5,5,0
King Core Electronics Inc.,0.01623053384048578,2642,9,9,0,1,0,2,0,3,3,0
"Tianma Microelectronics Co., Ltd.",0.016046587479393186,5036,8,7,0,0,0,21,34,5,0,0
Logicom Public Ltd,0.015968151510023437,4657,11,21,0,0,0,13,0,4,8,0
Hansol Technics Co Ltd,0.015370872945021595,3491,10,0,0,0,0,20,54,0,0,1
Softcen Co Ltd,0.015026828295122242,2691,12,5,0,0,0,7,0,3,4,0
"KAWATA MFG. CO., LTD.",0.014859336106737241,2653,11,1,1,0,0,1,0,0,0,3
"Jhen Vei Electronic Co., Ltd.",0.014671572497803804,1673,7,4,1,0,0,2,0,2,1,0
SAMT Co Ltd,0.014539307418854893,3653,9,6,0,3,0,11,4,1,2,0
High-Tek Harness Enterprise Co Ltd,0.014480884431780512,4392,9,14,0,0,0,1,0,5,7,0
Kingpak Technology Inc,0.014433344137740094,2366,9,7,0,1,0,3,28,0,0,0
Axcelis Technologies Inc,0.014300148650161573,3678,9,0,0,0,0,17,1,0,0,5
Tamagawa Holdings Co Ltd,0.014170955398349195,2137,9,0,0,0,0,0,3,0,0,4
Daiwabo Holdings Co Ltd,0.014044672068798425,3808,9,7,0,0,0,1,0,3,0,3
Indeks Bilgisayar Sistemleri Muhendislik,0.013916052273902519,3257,9,11,0,1,0,0,0,4,4,0
R. H. Technologies Ltd.,0.013671706976602268,2212,12,1,0,4,0,6,6,0,0,0
Xander International Corp.,0.013663322181753644,3425,13,23,0,2,0,4,2,4,1,0
Shenzhen Topeast Technology Co Ltd,0.013646914639174883,3110,11,3,0,1,0,27,3,1,0,2
Leo Systems Inc,0.013346150472111313,4019,11,12,0,0,0,3,2,3,4,0
Galaxy Far East Corp,0.013141923502625934,3076,8,5,0,0,0,7,3,1,2,1
"Taiwan Chi Cheng Enterprise Co.,Ltd",0.01305082613578006,3117,9,15,0,1,0,2,1,8,0,0
Namuga Co Ltd,0.013023271101983569,3506,9,6,0,1,0,1,38,0,0,0
New Era Electronics Co Ltd,0.01302237569452041,6049,9,17,0,0,0,14,4,8,2,2
AIA Engineering Ltd,0.012995624771356244,3110,10,0,0,0,0,3,0,0,0,6
Finetek Co Ltd,0.012290858592939685,3829,14,1,0,0,0,2,4,0,0,8
Darfon Electronics Corp,0.012235379061184298,3430,8,7,0,6,0,93,2,2,0,0
HannStar Display Corp,0.011976608550419316,2279,11,14,0,5,0,11,0,2,0,0
Tera Semicon Co Ltd,0.011886528710437055,2598,8,0,0,0,0,16,0,0,0,5
Foxsemicon Integrated Technology Inc,0.011669698693596882,3981,8,2,1,0,0,86,5,0,0,2
Hacisco JSC,0.011494403782591306,4924,10,7,0,0,0,3,0,4,5,0
Legrand SA,0.011309933279160817,9580,17,0,0,2,0,10,3,0,13,1
"LG Innotek Co., Ltd.",0.011277451363219563,4257,9,5,0,0,0,125,51,0,0,0
Cymechs Inc,0.010851922453464386,3292,9,4,0,0,0,3,32,0,0,0
Powertip Technology Corporation,0.010826246810523726,2991,10,3,0,0,0,1,32,2,0,1
"Star World Technology Co., Ltd.",0.010824494762456985,3225,9,17,0,1,0,5,14,2,0,0
Melfas Inc,0.010808095653856025,2004,9,1,0,0,0,8,18,1,0,0
"NITTOKU ENGINEERING CO., LTD.",0.010748855526900308,3461,13,0,0,0,0,5,1,7,0,1
Forward Electronics Co Ltd,0.010484231379954526,3632,10,8,0,0,0,94,10,6,0,0
Daouincube Inc,0.010409933103049133,3301,10,8,0,3,0,4,0,0,0,1
"AMPIRE CO., LTD",0.010347555962890517,3353,10,3,0,0,0,14,20,1,0,0
Innolux Corp,0.010317990377305627,5809,12,7,0,6,0,51,12,0,0,0
"WUS Printed Circuit Co., Ltd.",0.010148532097348959,2499,8,3,0,0,0,4,6,4,0,0
AKIBA Holdings Co Ltd,0.010129198771374068,3459,12,7,0,0,0,1,6,3,2,0
ABC Data SA,0.010059358935110957,3016,9,11,0,1,0,1,0,3,4,0
Armada Blgsyr Stmlr Sny ve Tcrt AS,0.009796364257001393,4936,9,18,0,0,0,6,0,2,7,0
Ajinextek Co Ltd,0.009677408948550207,3136,12,0,0,0,0,13,29,0,1,0
"Data International Co., Ltd",0.00942079848286424,3121,9,19,0,0,0,5,25,0,0,0
"Gish International Co., Ltd.",0.00910872666017015,3060,13,14,0,0,0,4,2,6,0,0
Fujipream Corp,0.008887008243567095,5133,11,3,0,0,0,17,13,0,0,2
Sat Nusapersada Tbk PT,0.008838395613195221,2518,6,3,0,0,0,1,0,4,2,0
Welcron Hantec Co Ltd,0.008719838322347311,3552,10,0,0,1,0,2,0,0,0,5
Mcnex Co Ltd,0.008596595987736747,3377,14,3,0,0,0,7,31,0,0,0
Twinwill Optronics Inc,0.008311348764010157,4872,13,0,0,1,0,97,62,0,0,0
Thiz Technology Group Ltd.,0.008290659703839607,2161,6,26,0,2,0,2,0,7,0,0
Brightking Holdings Ltd,0.008283892315267823,2699,11,0,0,0,0,3,0,0,0,3
Esprinet SpA,0.008280711896407451,4633,9,5,0,3,0,3,0,0,3,0
United Radiant Technology Corp.,0.008240532615642528,3288,8,0,0,0,0,26,42,0,0,0
Chander Electronics Corp.,0.00798301755272741,2431,9,2,0,0,0,3,3,4,0,0
Global Brands Manufacture Ltd,0.00784151047567889,4821,13,4,0,5,0,3,0,1,0,0
Weikeng Industrial Co. Ltd,0.00776374970081621,2137,8,14,0,0,0,2,1,5,0,0
"Giantplus Technology Co., Ltd.",0.007655017928716111,3774,10,1,0,1,0,5,13,1,0,0
JC Hyun Systems Inc,0.007434369500333948,5370,12,21,0,2,0,1,0,6,4,0
Aval Data Corp,0.007306208999258709,2476,9,3,0,0,0,1,7,2,1,0
Compuage Infocom Ltd,0.007233166310691518,3783,9,15,0,0,0,5,0,6,0,0
Heran Co Ltd,0.0072275817373248265,5662,13,4,2,0,0,47,0,1,0,0
CPT Technology (Group) Co Ltd,0.007149032242620729,3070,8,9,0,1,0,2,10,1,0,0
Koryo Electronics Co Ltd,0.007096782135291079,3636,9,9,0,0,0,5,1,5,0,0
Telsys Ltd.,0.007058463268057755,5057,13,5,0,0,0,15,14,0,0,1
Metrodata Electronics Tbk PT,0.007035122581901855,2864,7,6,0,0,0,2,0,5,2,0
Korea Computer Inc,0.006872415779357813,2628,9,45,0,0,0,1,6,1,0,0
ELK Corp,0.00683402505627705,2837,7,3,0,0,0,14,4,0,0,1
Crucialtec Co Ltd,0.006772345405632712,2022,11,2,0,0,0,9,6,0,0,1
Synnex Technology International Corp,0.006729998526102179,2663,10,27,0,0,0,0,2,5,2,0
Holitech Technology Co Ltd,0.006670880997127685,3983,14,34,0,0,0,3,31,0,0,0
SVOA PCL,0.006554422810620256,4223,13,25,0,2,0,6,0,3,0,0
Fu Chun Shin Machinery Manufacture CoLtd,0.006506382989181503,8432,14,2,3,0,0,9,0,2,0,0
Chipsip Technology Co Ltd,0.006461669648260386,4356,30,3,0,0,0,7,18,2,0,0
S.A.S. Dragon Holdings Limited,0.006454566932526855,3980,8,8,0,0,0,15,1,3,1,0
Edom Technology Co Ltd,0.006352006048832108,2284,5,7,0,0,0,3,1,3,0,0
Microlink Solutions Bhd,0.00633898377736781,3420,8,7,0,0,0,4,0,1,3,0
Jubilee Industries Holdings Ltd,0.00633041854387164,2924,12,4,0,0,0,4,3,3,0,0
S-Mac Co Ltd,0.006155548548896659,2268,8,0,0,0,0,0,41,0,0,0
"Display Tech Co., Ltd.",0.005809451745491431,3190,9,5,0,0,0,26,18,0,0,0
Inventec Besta Co Ltd,0.005757977379791414,3878,10,15,0,0,0,2,2,5,2,0
Sesa SpA,0.005657865719458759,4890,9,16,0,0,0,7,0,0,6,0
Honey Hope Honesty Enterprise Co Ltd,0.005597533189959721,5196,12,12,0,0,0,9,3,3,1,0
Hicel Co Ltd,0.005528005873046991,2999,8,5,0,0,0,12,0,4,0,0
APAC Opto Electronics Inc.,0.0054373581945745845,2248,9,0,0,0,0,6,14,0,1,0
Truly International Holdings Ltd.,0.005422307317298884,2646,9,0,0,0,0,5,23,0,0,0
Manz AG,0.0052774781138650905,5053,12,23,0,0,0,4,26,0,0,0
VST Holdings Limited,0.005273742246398705,5194,8,15,0,4,0,2,0,0,3,0
BE Semiconductor Industrs NV (USA),0.005252300716748311,2569,7,4,0,1,0,8,5,0,0,0
Sintek Photronic Corp.,0.00522294894592984,2318,8,3,0,3,0,2,2,0,0,0
ASEC International Corporation,0.0051903143342832405,3197,9,3,0,0,0,9,8,1,0,0
Computer Warehouse Group PLC,0.005181666055531882,3538,8,76,0,1,0,5,0,0,1,0
Eastcompeace Technology Co Ltd,0.005112909367325504,3097,11,0,0,0,0,2,5,1,4,0
KUEN CHAANG UPPERTECH CORP.,0.0049580839839846475,5072,7,2,0,0,0,4,0,5,0,1
International Display Solutions Co Ltd,0.004918238642249568,2612,9,0,0,1,0,7,11,0,0,0
Suzhou Winway Electronics Co Ltd,0.004854801546155927,2332,12,2,0,0,0,4,14,1,0,0
Transtouch Technology Inc.,0.004798756206578186,1906,13,4,0,1,0,3,0,1,0,0
Ichia Technologies Inc.,0.004781643354933755,3023,13,3,0,0,0,4,6,1,0,0
Advanced Process Systems Corp,0.004743368640755018,1166,6,0,0,0,0,6,0,0,0,2
UBright Optronics Corporation,0.004649334656185329,2804,9,3,0,2,0,4,3,0,0,0
Zhen Ding Technology Holding Ltd,0.004623135052757658,2023,4,8,0,0,0,2,5,0,2,0
Zhejiang Firstar Panel Technology Co Ltd,0.004600789571930895,2999,9,4,0,0,0,3,16,0,0,0
Dicker Data Ltd,0.004575527622454813,2901,9,10,0,0,0,7,0,0,3,0
"SHUN ON ELECTRONIC CO., LTD.",0.00450181284486871,3217,8,16,0,0,0,4,3,2,0,0
Darwin Precisions Corp,0.004333330979649056,4056,10,2,0,0,0,17,22,0,0,0
C SUN MFG. LTD.,0.00428745416244443,2754,9,0,0,0,0,9,3,0,0,1
Moda InnoChips Co Ltd,0.004174561886649921,3184,9,1,0,1,0,4,4,1,0,0
Chia Chang Co Ltd,0.004128687920272517,4482,8,9,0,1,0,1,0,3,0,0
"KIMURA CHEMICAL PLANTS CO., LTD.",0.004081972314743346,2929,9,1,0,1,0,3,0,0,0,1
Radiant Opto-Electronics Corporation,0.00407599972674197,2888,9,4,0,0,0,2,14,0,0,0
Toptec Co Ltd,0.003998827313703317,2703,9,1,0,0,0,5,1,0,0,1
Okins Electronics Co Ltd,0.003930478346463577,1844,8,0,0,1,0,6,5,0,0,0
Simat Technologies PCL,0.0038989992844687196,4127,12,19,0,0,0,4,0,0,0,2
PLA Co Ltd,0.0037116534008558143,2067,12,0,1,0,0,2,0,1,0,0
Ta Liang Technology Co Ltd,0.0034980235451117976,2450,9,5,0,0,0,8,1,2,0,0
Mystic Electronics Ltd,0.003484983273102887,4653,9,7,0,0,0,9,0,0,3,0
Green Cross Cell Corp,0.003456314761296921,1993,9,3,0,0,0,0,0,3,0,0
LG Display Co Ltd. (ADR),0.003378541514719336,5105,8,6,0,3,0,32,0,0,0,0
CCN-TECH PCL,0.0033692212067202797,860,6,10,0,1,0,2,0,0,0,0
Tovis Co Ltd,0.0033282794767376758,2445,9,1,0,0,0,5,6,1,0,0
HNT Electronics Co Ltd,0.003322603212649146,2437,9,0,0,1,0,0,13,0,0,0
"Unity Opto Technology Co., Ltd.",0.0033056249096614547,3192,6,2,0,0,0,143,10,2,0,0
"Fine DNC Co., Ltd.",0.0032289551409154125,3738,8,4,0,0,0,6,2,0,0,1
Frencken Group Limited,0.0031759427190934273,1888,8,0,0,0,0,5,10,0,0,0
Arena Bilgisayar Sanayi ve Ticaret AS,0.003146896360693149,3342,7,12,0,0,0,1,0,3,0,0
Mobicon Group Limited,0.0031370223983323274,4644,12,31,0,0,0,14,5,1,0,0
"Sunfpu Technology Co., Ltd",0.003100934622457398,4807,12,24,0,0,0,8,0,4,0,0
Micro Base Technology Corp,0.0030525827005016405,4387,13,2,0,0,0,11,10,2,0,0
Professional Computer Technology Ltd,0.003044949694287673,2183,9,50,0,0,0,0,4,0,0,0
"Entire Technology Co., Ltd",0.0030165964287273473,3165,8,2,0,0,0,16,13,0,0,0
UR Holding SpA,0.0029870130788976733,3718,9,0,0,0,0,9,2,1,0,1
MacroWell OMG Digital Entertain Co Ltd,0.0029777671328727103,3122,11,3,0,0,0,1,0,3,0,0
Asia Tech Image Inc,0.002976816042493935,1962,8,0,0,1,0,2,11,0,0,0
NICHING INDUSTRIAL CORPORATION,0.0029742727808650593,763,9,0,0,0,0,9,5,0,0,0
AU Optronics Corp,0.002923859422431967,4173,7,1,0,1,0,14,7,0,0,0
LuxNet Corp,0.0028939287527840873,1135,10,1,0,0,0,4,2,1,0,0
ISC Co Ltd,0.0028658634272214034,2666,9,2,0,0,0,2,2,0,4,0
Softlogic Holdings Pvt Ltd,0.002846509688694975,14095,14,24,0,0,0,38,0,1,5,0
Uni-Pixel Inc,0.0028428641545209066,6520,13,5,0,1,0,18,7,0,0,0
"FOCI Fiber Optic Communications, Inc.",0.0028336675187458204,2506,9,0,0,0,0,3,11,0,0,0
ASTI Holdings Limited,0.002797322694769374,4229,9,0,0,1,0,6,2,0,0,1
Shinden Hightex Corp,0.002795171286715975,1529,10,0,0,0,0,1,11,0,0,0
Di-Nikko Engineering Co Ltd,0.002777659579627777,2267,8,1,0,1,0,1,3,0,0,0
"Shinko Shoji Co., Ltd.",0.0027676685268229317,4476,12,22,0,0,0,1,0,4,0,0
Daxin Materials Corp,0.0026462182228992647,2344,8,0,0,0,0,12,0,0,0,2
CVD Equipment Corporation,0.002639494573447678,8244,9,4,1,0,0,23,1,0,0,0
Lms Co Ltd,0.0025743240058901527,2878,10,1,0,0,0,4,0,0,0,1
MARUBUN CORPORATION,0.0025586077035438712,2559,8,5,0,0,0,4,0,0,2,0
ACARD Technology Corp.,0.0025562184639475838,3962,9,19,0,2,0,2,0,1,0,0
Leed Corp,0.0025160358320985613,9723,12,2,0,3,0,12,1,0,1,1
TAIWAN OSTOR CORP.,0.0025149405661899333,3064,10,2,0,0,0,4,9,0,0,0
Chung Hwa Picture Tubes LTD.,0.0024707812877801548,5877,13,15,0,1,0,15,5,0,0,0
Nakamura Choukou Co Ltd,0.002394376813724103,4528,11,2,0,0,0,16,0,4,0,0
"KH Vatec Co., Ltd.",0.002346411758200426,3319,9,1,0,0,0,13,8,0,0,0
"Topoint Technology Co., Ltd.",0.0022283054743629676,3020,10,2,0,1,0,4,0,1,0,0
Charm Engineering Co Ltd,0.0021657836315852495,3242,9,0,0,0,0,3,10,0,0,0
"Integrated Micro-Electronics, Inc.",0.002141942224338255,6053,8,1,0,0,0,8,5,0,2,0
Sentronic International Corp,0.0021386092555174393,8350,11,23,0,1,0,16,6,1,0,0
Lens Technology Co Ltd,0.0021095640696325037,2033,8,3,0,0,0,1,5,0,0,0
"Supreme Electronics Co., Ltd.",0.0021052701185902164,2805,8,7,0,0,0,8,0,2,0,0
"TPK Holding Co., Ltd.",0.002082259828223783,3510,8,5,0,0,0,2,9,0,0,0
"Fenwal Controls of Japan, Ltd.",0.0020116741925933824,1413,10,0,0,0,0,1,0,0,0,1
SUNNIC Technology & Merchandise Inc.,0.0019891710966704144,3515,9,1,0,0,0,5,7,0,0,0
GSS Energy Ltd,0.0019406987807571486,8469,9,6,0,0,0,3,1,0,0,1
Tai Shing Electronics Components Corp,0.0019221355456390536,3744,15,2,0,0,0,4,5,2,0,0
BOE Technology Group Co. Ltd,0.0018302415352272991,4384,10,5,0,0,0,11,2,1,1,0
San Lien Technology Corporation,0.0018285571721327431,3807,9,4,0,0,0,4,0,2,0,0
GemVax Technology Co Ltd,0.0017761744869122143,2538,8,0,0,0,0,0,13,0,0,0
Microview Technology Corporation,0.0017617854882562328,1869,8,0,0,0,0,4,5,0,0,0
E Ink Holdings Inc,0.0017617667058029507,3909,9,0,0,0,0,11,13,0,0,0
Premier Technology PCL,0.001733652083608802,3828,9,17,0,0,0,3,0,0,2,0
Maxnerva Technology Services Ltd,0.0017092875904381021,4021,9,3,0,0,0,6,6,0,0,0
"Osaki Engineering Co., Ltd.",0.0016502909476108043,3569,11,1,0,2,0,2,3,0,0,0
CDW Holding Limited,0.0016212794639043982,4198,8,1,0,0,0,6,7,0,0,0
Vitec Holdings Co Ltd,0.0015731278711363574,2003,8,0,0,0,0,7,6,0,0,0
Yeebo (International Holdings) Ltd,0.0015306100988580628,3482,8,0,0,0,0,4,7,0,0,0
"Jochu Technology Co., Ltd.",0.001488876529173717,2699,8,1,0,0,0,3,2,1,0,0
Hanergy Thin Film Power Group Ltd,0.0014473976903233885,4727,8,0,0,0,0,1,5,0,1,0
MultiQ International AB,0.001422843507554008,1374,6,2,0,0,0,1,2,1,0,0
"MAG.LAYERS Scientific-Technics Co.,Ltd.",0.0014099690768558176,1969,14,0,0,0,0,2,11,0,0,0
LITE-ON JAPAN LTD.,0.0013951812677323863,4102,13,4,0,0,0,4,5,0,0,0
Donpon Precision Inc.,0.001362555934186151,3630,8,1,0,0,0,4,5,0,0,0
Datagate Bilgisayar Malzemeleri Ticrt AS,0.001361525880570656,1773,9,6,0,0,0,0,0,1,0,0
AVIC International Holdings Ltd,0.0013376016528126805,2856,8,0,0,0,0,1,7,0,0,0
Kendrion NV,0.0013213687667221893,5592,13,0,2,0,0,1,0,0,0,0
"Ultratech, Inc.",0.0012961263893451211,6224,15,1,0,0,0,25,0,0,0,2
Bluecom Co Ltd,0.0012869650035113784,3311,10,0,0,0,0,2,6,1,0,0
"e-Litecom Co., Ltd.",0.0012808358820322948,2504,8,3,0,0,0,1,3,0,0,0
E Investment&Development Co Ltd,0.0012395708827782823,2666,6,0,0,0,0,0,3,1,0,0
"Beijing Sevenstar Electronics Co., Ltd.",0.0011917892138337118,2979,9,0,0,0,0,11,5,0,0,0
Pineapple Resources Bhd,0.001172819576704437,2874,11,26,0,0,0,2,0,2,0,0
Mclean Technologies Bhd,0.001161795924707833,3816,8,0,0,0,0,3,6,0,0,0
Toyo Machinery Metal Co Ltd,0.001093367180335186,4224,12,0,0,0,0,4,0,3,0,0
Avatec Co Ltd,0.0010933252102800497,1870,7,1,0,1,0,1,0,0,0,0
"MARUWA CO., LTD.",0.0010835467849221847,2861,11,0,0,0,0,36,6,0,0,0
TSE Co Ltd,0.0010629572634636053,1572,10,0,0,0,0,47,3,0,0,0
"Gohigh Data Networks Technology Co., Ltd",0.001025666324971865,3599,10,3,0,0,0,1,0,2,0,0
Optrontec Inc,0.0009426925414716243,3142,10,1,0,0,0,0,5,0,0,0
Tradetool Auto Co Ltd,0.0009039054496203781,2869,10,2,0,0,0,11,4,0,0,0
Hi-Light Tek Co Ltd,0.0008990443937716034,2072,11,0,0,0,0,17,3,0,0,0
"Makus, Inc.",0.0008630231970485502,5465,12,2,0,0,0,4,2,0,1,0
"Shanghai East-China Computer Co., Ltd.",0.0008529605486568982,2721,8,55,0,0,0,2,0,0,0,0
Zenitron Corp,0.0007760482084272269,2544,9,0,0,0,0,6,2,1,0,0
Symtek Automation Asia Co Ltd,0.0007703889757666026,2750,10,0,0,0,0,9,3,0,0,0
Anar Industries Ltd,0.0007698034098296021,6214,9,3,0,1,0,9,0,0,0,0
"NISSEI PLASTIC INDUSTRIAL CO., LTD.",0.0007678807369185512,5480,14,0,0,0,0,1,0,3,0,0
Zheda Lande Scitech Limited,0.0007577895822100188,3433,6,6,0,1,0,2,0,0,0,0
General Interface Solutn (GIS) Hldng Ltd,0.000747057608778258,3517,8,3,0,0,0,0,3,0,0,0
"Trust-Search Corp.,Ltd.",0.0006633788966643536,4474,9,5,0,0,0,1,0,0,1,0
Mycronic AB (publ),0.0006446435495158637,4974,10,0,0,0,0,16,4,0,0,0
UMS Holdings Limited,0.0006203614659767979,7436,11,0,0,0,0,3,5,0,0,0
"Wuhu Token Science Co.,LTD.",0.0006177256618600394,2393,8,2,0,1,0,1,0,0,0,0
"FINE TECHNIX CO.,LTD",0.0005970719497295464,3736,8,0,0,0,0,209,3,0,0,0
WPG Holdings Limited,0.0005652852085693812,1797,9,1,0,0,0,14,2,0,0,0
"Siward Crystal Technology Co.,Ltd.",0.0005098756080503353,3151,11,4,0,0,0,3,2,0,0,0
SFA Engineering Corp,0.0005091292950636428,1399,8,0,0,0,0,29,2,0,0,0
Inzi Display Co Ltd,0.0004902770598049069,2868,9,0,0,0,0,0,4,0,0,0
Uniquest Corporation,0.0004889670155494298,2282,9,4,0,0,0,4,1,0,0,0
Goldenmax International Technology Ltd,0.00047511951535014025,3039,10,2,0,1,0,1,0,0,0,0
"Excel Cell Electronic Co., Ltd.",0.00047213516327959215,4611,12,1,0,0,0,35,0,1,0,0
"Iljin Display Co., Ltd.",0.0004681708851390853,1743,9,1,0,0,0,23,1,0,0,0
Raygen Co Ltd,0.000457571512659539,2237,10,7,0,0,0,0,1,0,0,0
"MITACHI CO., LTD",0.00042310310879284195,3280,8,0,0,0,0,0,4,0,0,0
Jiangsu Nandasoft Technology Co Ltd,0.00041785726135079094,3436,9,24,0,0,0,1,0,0,0,0
Erajaya Swasembada Tbk PT,0.00039182869489283554,2958,8,4,0,0,0,1,2,0,0,0
Leaguer Stock Co Ltd,0.0003843901134994016,3979,8,17,0,0,0,3,0,0,0,0
VOXX International Corp,0.0003783238063488981,4179,9,4,0,0,0,12,1,0,0,0
"Medifron DBT Co., Ltd.",0.00030014821545011833,3343,12,10,0,0,0,3,0,0,0,0
Mirae Corp,0.0002930980313804739,2718,6,1,0,0,0,11,2,0,0,0
Dionic S.A.,0.0002913655251073935,5270,10,17,0,0,0,9,0,0,0,0
LG Display Co Ltd,0.00027509586035594674,8817,12,1,0,0,0,101,3,0,0,0
Interlink Communication (Thailand) PCL,0.0002710718288076955,2829,12,8,0,0,0,3,0,0,0,0
Universal Scientfc Industrl Shngh Co Ltd,0.0002637539589386328,3727,10,8,0,0,0,2,2,0,0,0
Younyi Information&Commnictin Co Ltd,0.00025009088836204133,2688,9,7,0,0,0,8,0,0,0,0
"G-Shank Enterprise Co.,Ltd.",0.00024646840471715596,3852,9,1,0,0,0,4,1,0,0,0
Dalian Zhiyun Automation Co Ltd,0.00024222856653499252,3992,9,3,0,0,0,1,1,0,0,0
"Answer Technology Co., Ltd.",0.0002419693885137552,3592,13,8,0,0,0,3,0,0,0,0
SAN-EL Muhendislik Elektrik Taahhut San,0.00023090082248773802,1303,7,0,0,0,0,1,1,0,0,0
Shanghai Jiaoda Withub Info. Indust. Co,0.00022790807530340883,4668,9,23,0,0,0,2,0,0,0,0
Gallant Precision Machining Co Ltd,0.0002265462011189204,2851,13,0,0,0,0,4,1,0,0,0
"Shin Zu Shing Co., Ltd.",0.00021822234510575304,2160,9,11,0,0,0,0,0,0,0,0
FoundPac Group Bhd,0.0002150547155031003,4883,12,1,0,0,0,6,1,0,0,0
Quixant PLC,0.00020046120842635913,1777,11,5,0,0,0,3,0,0,0,0
Onano Industrial Corp,0.0001855084587736604,4092,9,6,0,0,0,14,0,0,0,0
Samart I-Mobile PCL,0.0001846504612082936,2998,8,2,0,0,0,8,1,0,0,0
China Netcom Technology Holdings Ltd,0.0001747561285468165,4482,9,10,0,0,0,1,0,0,0,0
Ferrum PCL,0.00017331900684729772,2286,8,5,0,0,0,1,0,0,0,0
Surge Components Inc,0.00016378658422032145,2909,12,8,0,0,0,1,0,0,0,0
"Neonode, Inc",0.0001562300455417044,9359,10,5,0,0,0,18,2,0,0,0
Yest Co Ltd,0.0001550388096731877,3503,11,0,0,0,0,3,1,0,0,0
PS IT Infrastructure & Services Ltd,0.00014125755057281208,5493,9,7,0,0,0,7,0,0,0,0
Petrosetco Distribution Joint Stock Co,0.00013541008998556423,3424,13,5,0,0,0,7,0,0,0,0
Union Semiconductor Equipment Co Ltd,0.00013406916202409285,2867,9,1,0,0,0,2,2,0,0,0
Syncmold Enterprise Corp.,0.00013392378501975467,3769,8,4,0,0,0,4,0,0,0,0
"Paragon Technologies Co., Ltd.",0.00011008904213095147,2369,10,4,0,0,0,1,0,0,0,0
TWZ Corporation PCL,0.00010253185601295168,3748,13,2,0,0,0,5,2,0,0,0
Ideiasnet SA,0.00010161655016374102,1955,6,5,0,0,0,0,0,0,0,0
Tianjin Yxt Science and Tech Co Ltd,0.00010156971155236228,2452,9,3,0,0,0,8,0,0,0,0
"Hunan Copote Science & Tech Co., Ltd.",0.00010011103047560266,3859,8,8,0,0,0,0,0,0,0,0
Digiworld Corp,9.679640726093e-05,3752,9,3,0,0,0,6,0,0,0,0
Kuangli Photoelectric Technology Co Ltd,8.76713845701432e-05,2862,9,5,0,0,0,0,0,0,0,0
"Wayside Technology Group, Inc.",8.72746819382076e-05,5342,10,5,0,0,0,20,0,0,0,0
China Wafer Level CSP Co Ltd,5.707747690266153e-05,2560,12,3,0,0,0,0,0,0,0,0
Ningbo WanHao Holdings Co Ltd,5.108872857950455e-05,3350,8,3,0,0,0,1,0,0,0,0
MiCo Ltd,4.8820240591647255e-05,1950,10,1,0,0,0,10,0,0,0,0
Waffer Technology Corp,4.465112920501084e-05,3281,9,3,0,0,0,2,0,0,0,0
Tera Autotech Corp,4.165450995826721e-05,2312,14,2,0,0,0,3,0,0,0,0
Centro HL Distribuzione SpA,3.095845629294217e-05,2408,7,1,0,0,0,4,0,0,0,0
"JMT CO.,Ltd.",2.706213987327331e-05,2549,9,1,0,0,0,3,0,0,0,0
Singer Industries Ceylon PLC,2.5513298772021034e-05,3928,10,2,0,0,0,6,0,0,0,0
Pegasus Sewing Machine Mfg Co Ltd,1.6468188971891177e-05,4559,13,1,0,0,0,5,0,0,0,0
Advanced Digital Chips Inc,1.6062624751697844e-05,2979,7,2,0,0,0,1,0,0,0,0
Ching Chan Optical Technology Co Ltd,1.4143656137514282e-05,3215,10,1,0,0,0,1,0,0,0,0
Copartner Technology Corp,1.2217498343659492e-05,2291,11,1,0,0,0,1,0,0,0,0
CX Technology Corp,1.0302778022289263e-05,3056,9,1,0,0,0,2,0,0,0,0
Astro Corporation,5.681756471459118e-06,3678,12,0,0,0,0,6,0,0,0,0
Power Logics,4.49406494398633e-06,1716,9,0,0,0,0,3,0,0,0,0
Aeria Inc.,3.732537398604263e-06,3266,9,0,0,0,0,5,0,0,0,0
Max Automation AG,3.721860958945953e-06,2240,7,0,0,0,0,3,0,0,0,0
Vessel Co Ltd,3.4174705591388426e-06,5431,16,0,0,0,0,7,0,0,0,0
GENESIS ENERGY SA,5.74155196451533e-07,2763,7,0,0,0,0,1,0,0,0,0
